TargetID,和名,グループ,水域,主環境,候補釣法,ContentPriority,TypicalSize,TrophyThreshold,Season,TimeOfDay,Depth,DataStatus,SourceURL,Notes
target-001,マアジ,沿岸小型魚,海水,港湾/沿岸/堤防,ライトルアー|サビキ|餌,Tokyo/Early,未設定,未設定,未設定,未設定,未設定,DRAFT_UNVERIFIED,,本番投入前にサイズ・季節・分布・規制・学名を個別確認
target-002,マルアジ,沿岸小型魚,海水,港湾/沿岸/堤防,ライトルアー|サビキ|餌,Tokyo/Early,未設定,未設定,未設定,未設定,未設定,DRAFT_UNVERIFIED,,本番投入前にサイズ・季節・分布・規制・学名を個別確認
target-003,ムロアジ,沿岸小型魚,海水,港湾/沿岸/堤防,ライトルアー|サビキ|餌,Tokyo/Early,未設定,未設定,未設定,未設定,未設定,DRAFT_UNVERIFIED,,本番投入前にサイズ・季節・分布・規制・学名を個別確認
target-004,メアジ,沿岸小型魚,海水,港湾/沿岸/堤防,ライトルアー|サビキ|餌,Tokyo/Early,未設定,未設定,未設定,未設定,未設定,DRAFT_UNVERIFIED,,本番投入前にサイズ・季節・分布・規制・学名を個別確認
target-005,オアカムロ,沿岸小型魚,海水,港湾/沿岸/堤防,ライトルアー|サビキ|餌,Tokyo/Early,未設定,未設定,未設定,未設定,未設定,DRAFT_UNVERIFIED,,本番投入前にサイズ・季節・分布・規制・学名を個別確認
target-006,マサバ,沿岸小型魚,海水,港湾/沿岸/堤防,ライトルアー|サビキ|餌,Tokyo/Early,未設定,未設定,未設定,未設定,未設定,DRAFT_UNVERIFIED,,本番投入前にサイズ・季節・分布・規制・学名を個別確認
target-007,ゴマサバ,沿岸小型魚,海水,港湾/沿岸/堤防,ライトルアー|サビキ|餌,Tokyo/Early,未設定,未設定,未設定,未設定,未設定,DRAFT_UNVERIFIED,,本番投入前にサイズ・季節・分布・規制・学名を個別確認
target-008,マイワシ,沿岸小型魚,海水,港湾/沿岸/堤防,ライトルアー|サビキ|餌,Tokyo/Early,未設定,未設定,未設定,未設定,未設定,DRAFT_UNVERIFIED,,本番投入前にサイズ・季節・分布・規制・学名を個別確認
target-009,ウルメイワシ,沿岸小型魚,海水,港湾/沿岸/堤防,ライトルアー|サビキ|餌,Tokyo/Early,未設定,未設定,未設定,未設定,未設定,DRAFT_UNVERIFIED,,本番投入前にサイズ・季節・分布・規制・学名を個別確認
target-010,カタクチイワシ,沿岸小型魚,海水,港湾/沿岸/堤防,ライトルアー|サビキ|餌,Tokyo/Early,未設定,未設定,未設定,未設定,未設定,DRAFT_UNVERIFIED,,本番投入前にサイズ・季節・分布・規制・学名を個別確認
target-011,キビナゴ,沿岸小型魚,海水,港湾/沿岸/堤防,ライトルアー|サビキ|餌,Tokyo/Early,未設定,未設定,未設定,未設定,未設定,DRAFT_UNVERIFIED,,本番投入前にサイズ・季節・分布・規制・学名を個別確認
target-012,サッパ,沿岸小型魚,海水,港湾/沿岸/堤防,ライトルアー|サビキ|餌,Tokyo/Early,未設定,未設定,未設定,未設定,未設定,DRAFT_UNVERIFIED,,本番投入前にサイズ・季節・分布・規制・学名を個別確認
target-013,コノシロ,沿岸小型魚,海水,港湾/沿岸/堤防,ライトルアー|サビキ|餌,Tokyo/Early,未設定,未設定,未設定,未設定,未設定,DRAFT_UNVERIFIED,,本番投入前にサイズ・季節・分布・規制・学名を個別確認
target-014,サヨリ,沿岸小型魚,海水,港湾/沿岸/堤防,ライトルアー|サビキ|餌,Tokyo/Early,未設定,未設定,未設定,未設定,未設定,DRAFT_UNVERIFIED,,本番投入前にサイズ・季節・分布・規制・学名を個別確認
target-015,トウゴロウイワシ,沿岸小型魚,海水,港湾/沿岸/堤防,ライトルアー|サビキ|餌,Tokyo/Early,未設定,未設定,未設定,未設定,未設定,DRAFT_UNVERIFIED,,本番投入前にサイズ・季節・分布・規制・学名を個別確認
target-016,ネンブツダイ,沿岸小型魚,海水,港湾/沿岸/堤防,ライトルアー|サビキ|餌,Tokyo/Early,未設定,未設定,未設定,未設定,未設定,DRAFT_UNVERIFIED,,本番投入前にサイズ・季節・分布・規制・学名を個別確認
target-017,クロホシイシモチ,沿岸小型魚,海水,港湾/沿岸/堤防,ライトルアー|サビキ|餌,Tokyo/Early,未設定,未設定,未設定,未設定,未設定,DRAFT_UNVERIFIED,,本番投入前にサイズ・季節・分布・規制・学名を個別確認
target-018,スズメダイ,沿岸小型魚,海水,港湾/沿岸/堤防,ライトルアー|サビキ|餌,Tokyo/Early,未設定,未設定,未設定,未設定,未設定,DRAFT_UNVERIFIED,,本番投入前にサイズ・季節・分布・規制・学名を個別確認
target-019,タカベ,沿岸小型魚,海水,港湾/沿岸/堤防,ライトルアー|サビキ|餌,Tokyo/Early,未設定,未設定,未設定,未設定,未設定,DRAFT_UNVERIFIED,,本番投入前にサイズ・季節・分布・規制・学名を個別確認
target-020,イサキ,沿岸小型魚,海水,港湾/沿岸/堤防,ライトルアー|サビキ|餌,Tokyo/Early,未設定,未設定,未設定,未設定,未設定,DRAFT_UNVERIFIED,,本番投入前にサイズ・季節・分布・規制・学名を個別確認
target-021,シマアジ,沿岸小型魚,海水,港湾/沿岸/堤防,ライトルアー|サビキ|餌,Tokyo/Early,未設定,未設定,未設定,未設定,未設定,DRAFT_UNVERIFIED,,本番投入前にサイズ・季節・分布・規制・学名を個別確認
target-022,メッキ（ギンガメアジ幼魚）,沿岸小型魚,海水,港湾/沿岸/堤防,ライトルアー|サビキ|餌,Tokyo/Early,未設定,未設定,未設定,未設定,未設定,DRAFT_UNVERIFIED,,本番投入前にサイズ・季節・分布・規制・学名を個別確認
target-023,カスミアジ,沿岸小型魚,海水,港湾/沿岸/堤防,ライトルアー|サビキ|餌,Tokyo/Early,未設定,未設定,未設定,未設定,未設定,DRAFT_UNVERIFIED,,本番投入前にサイズ・季節・分布・規制・学名を個別確認
target-024,ロウニンアジ,沿岸小型魚,海水,港湾/沿岸/堤防,ライトルアー|サビキ|餌,Tokyo/Early,未設定,未設定,未設定,未設定,未設定,DRAFT_UNVERIFIED,,本番投入前にサイズ・季節・分布・規制・学名を個別確認
target-025,ギンガメアジ,沿岸小型魚,海水,港湾/沿岸/堤防,ライトルアー|サビキ|餌,Tokyo/Early,未設定,未設定,未設定,未設定,未設定,DRAFT_UNVERIFIED,,本番投入前にサイズ・季節・分布・規制・学名を個別確認
target-026,メバル,根魚・ロックフィッシュ,海水,岩礁/テトラ/磯/堤防,ロック|底|餌,Tokyo/Early,未設定,未設定,未設定,未設定,未設定,DRAFT_UNVERIFIED,,本番投入前にサイズ・季節・分布・規制・学名を個別確認
target-027,クロメバル,根魚・ロックフィッシュ,海水,岩礁/テトラ/磯/堤防,ロック|底|餌,Tokyo/Early,未設定,未設定,未設定,未設定,未設定,DRAFT_UNVERIFIED,,本番投入前にサイズ・季節・分布・規制・学名を個別確認
target-028,アカメバル,根魚・ロックフィッシュ,海水,岩礁/テトラ/磯/堤防,ロック|底|餌,Tokyo/Early,未設定,未設定,未設定,未設定,未設定,DRAFT_UNVERIFIED,,本番投入前にサイズ・季節・分布・規制・学名を個別確認
target-029,シロメバル,根魚・ロックフィッシュ,海水,岩礁/テトラ/磯/堤防,ロック|底|餌,Tokyo/Early,未設定,未設定,未設定,未設定,未設定,DRAFT_UNVERIFIED,,本番投入前にサイズ・季節・分布・規制・学名を個別確認
target-030,カサゴ,根魚・ロックフィッシュ,海水,岩礁/テトラ/磯/堤防,ロック|底|餌,Tokyo/Early,未設定,未設定,未設定,未設定,未設定,DRAFT_UNVERIFIED,,本番投入前にサイズ・季節・分布・規制・学名を個別確認
target-031,ウッカリカサゴ,根魚・ロックフィッシュ,海水,岩礁/テトラ/磯/堤防,ロック|底|餌,Tokyo/Early,未設定,未設定,未設定,未設定,未設定,DRAFT_UNVERIFIED,,本番投入前にサイズ・季節・分布・規制・学名を個別確認
target-032,キジハタ,根魚・ロックフィッシュ,海水,岩礁/テトラ/磯/堤防,ロック|底|餌,Tokyo/Early,未設定,未設定,未設定,未設定,未設定,DRAFT_UNVERIFIED,,本番投入前にサイズ・季節・分布・規制・学名を個別確認
target-033,アカハタ,根魚・ロックフィッシュ,海水,岩礁/テトラ/磯/堤防,ロック|底|餌,Tokyo/Early,未設定,未設定,未設定,未設定,未設定,DRAFT_UNVERIFIED,,本番投入前にサイズ・季節・分布・規制・学名を個別確認
target-034,オオモンハタ,根魚・ロックフィッシュ,海水,岩礁/テトラ/磯/堤防,ロック|底|餌,Tokyo/Early,未設定,未設定,未設定,未設定,未設定,DRAFT_UNVERIFIED,,本番投入前にサイズ・季節・分布・規制・学名を個別確認
target-035,マハタ,根魚・ロックフィッシュ,海水,岩礁/テトラ/磯/堤防,ロック|底|餌,Tokyo/Early,未設定,未設定,未設定,未設定,未設定,DRAFT_UNVERIFIED,,本番投入前にサイズ・季節・分布・規制・学名を個別確認
target-036,クエ,根魚・ロックフィッシュ,海水,岩礁/テトラ/磯/堤防,ロック|底|餌,Tokyo/Early,未設定,未設定,未設定,未設定,未設定,DRAFT_UNVERIFIED,,本番投入前にサイズ・季節・分布・規制・学名を個別確認
target-037,アオハタ,根魚・ロックフィッシュ,海水,岩礁/テトラ/磯/堤防,ロック|底|餌,Tokyo/Early,未設定,未設定,未設定,未設定,未設定,DRAFT_UNVERIFIED,,本番投入前にサイズ・季節・分布・規制・学名を個別確認
target-038,ホウセキハタ,根魚・ロックフィッシュ,海水,岩礁/テトラ/磯/堤防,ロック|底|餌,Tokyo/Early,未設定,未設定,未設定,未設定,未設定,DRAFT_UNVERIFIED,,本番投入前にサイズ・季節・分布・規制・学名を個別確認
target-039,イヤゴハタ,根魚・ロックフィッシュ,海水,岩礁/テトラ/磯/堤防,ロック|底|餌,Tokyo/Early,未設定,未設定,未設定,未設定,未設定,DRAFT_UNVERIFIED,,本番投入前にサイズ・季節・分布・規制・学名を個別確認
target-040,アイナメ,根魚・ロックフィッシュ,海水,岩礁/テトラ/磯/堤防,ロック|底|餌,Tokyo/Early,未設定,未設定,未設定,未設定,未設定,DRAFT_UNVERIFIED,,本番投入前にサイズ・季節・分布・規制・学名を個別確認
target-041,クジメ,根魚・ロックフィッシュ,海水,岩礁/テトラ/磯/堤防,ロック|底|餌,Tokyo/Early,未設定,未設定,未設定,未設定,未設定,DRAFT_UNVERIFIED,,本番投入前にサイズ・季節・分布・規制・学名を個別確認
target-042,クロソイ,根魚・ロックフィッシュ,海水,岩礁/テトラ/磯/堤防,ロック|底|餌,Tokyo/Early,未設定,未設定,未設定,未設定,未設定,DRAFT_UNVERIFIED,,本番投入前にサイズ・季節・分布・規制・学名を個別確認
target-043,ムラソイ,根魚・ロックフィッシュ,海水,岩礁/テトラ/磯/堤防,ロック|底|餌,Tokyo/Early,未設定,未設定,未設定,未設定,未設定,DRAFT_UNVERIFIED,,本番投入前にサイズ・季節・分布・規制・学名を個別確認
target-044,ベッコウゾイ,根魚・ロックフィッシュ,海水,岩礁/テトラ/磯/堤防,ロック|底|餌,Tokyo/Early,未設定,未設定,未設定,未設定,未設定,DRAFT_UNVERIFIED,,本番投入前にサイズ・季節・分布・規制・学名を個別確認
target-045,タケノコメバル,根魚・ロックフィッシュ,海水,岩礁/テトラ/磯/堤防,ロック|底|餌,Tokyo/Early,未設定,未設定,未設定,未設定,未設定,DRAFT_UNVERIFIED,,本番投入前にサイズ・季節・分布・規制・学名を個別確認
target-046,エゾメバル,根魚・ロックフィッシュ,海水,岩礁/テトラ/磯/堤防,ロック|底|餌,Tokyo/Early,未設定,未設定,未設定,未設定,未設定,DRAFT_UNVERIFIED,,本番投入前にサイズ・季節・分布・規制・学名を個別確認
target-047,ハチガラ,根魚・ロックフィッシュ,海水,岩礁/テトラ/磯/堤防,ロック|底|餌,Tokyo/Early,未設定,未設定,未設定,未設定,未設定,DRAFT_UNVERIFIED,,本番投入前にサイズ・季節・分布・規制・学名を個別確認
target-048,オニカサゴ,根魚・ロックフィッシュ,海水,岩礁/テトラ/磯/堤防,ロック|底|餌,Tokyo/Early,未設定,未設定,未設定,未設定,未設定,DRAFT_UNVERIFIED,,本番投入前にサイズ・季節・分布・規制・学名を個別確認
target-049,ユメカサゴ,根魚・ロックフィッシュ,海水,岩礁/テトラ/磯/堤防,ロック|底|餌,Tokyo/Early,未設定,未設定,未設定,未設定,未設定,DRAFT_UNVERIFIED,,本番投入前にサイズ・季節・分布・規制・学名を個別確認
target-050,アヤメカサゴ,根魚・ロックフィッシュ,海水,岩礁/テトラ/磯/堤防,ロック|底|餌,Tokyo/Early,未設定,未設定,未設定,未設定,未設定,DRAFT_UNVERIFIED,,本番投入前にサイズ・季節・分布・規制・学名を個別確認
target-051,スズキ,スズキ・河口,海水/汽水,河口/都市河川/港湾,ルアー|餌,Tokyo/Early,未設定,未設定,未設定,未設定,未設定,DRAFT_UNVERIFIED,,本番投入前にサイズ・季節・分布・規制・学名を個別確認
target-052,ヒラスズキ,スズキ・河口,海水/汽水,河口/都市河川/港湾,ルアー|餌,Tokyo/Early,未設定,未設定,未設定,未設定,未設定,DRAFT_UNVERIFIED,,本番投入前にサイズ・季節・分布・規制・学名を個別確認
target-053,タイリクスズキ,スズキ・河口,海水/汽水,河口/都市河川/港湾,ルアー|餌,Tokyo/Early,未設定,未設定,未設定,未設定,未設定,DRAFT_UNVERIFIED,,本番投入前にサイズ・季節・分布・規制・学名を個別確認
target-054,クロダイ,スズキ・河口,海水/汽水,河口/都市河川/港湾,ルアー|餌,Tokyo/Early,未設定,未設定,未設定,未設定,未設定,DRAFT_UNVERIFIED,,本番投入前にサイズ・季節・分布・規制・学名を個別確認
target-055,キビレ,スズキ・河口,海水/汽水,河口/都市河川/港湾,ルアー|餌,Tokyo/Early,未設定,未設定,未設定,未設定,未設定,DRAFT_UNVERIFIED,,本番投入前にサイズ・季節・分布・規制・学名を個別確認
target-056,ヘダイ,スズキ・河口,海水/汽水,河口/都市河川/港湾,ルアー|餌,Tokyo/Early,未設定,未設定,未設定,未設定,未設定,DRAFT_UNVERIFIED,,本番投入前にサイズ・季節・分布・規制・学名を個別確認
target-057,コショウダイ,スズキ・河口,海水/汽水,河口/都市河川/港湾,ルアー|餌,Tokyo/Early,未設定,未設定,未設定,未設定,未設定,DRAFT_UNVERIFIED,,本番投入前にサイズ・季節・分布・規制・学名を個別確認
target-058,シマイサキ,スズキ・河口,海水/汽水,河口/都市河川/港湾,ルアー|餌,Tokyo/Early,未設定,未設定,未設定,未設定,未設定,DRAFT_UNVERIFIED,,本番投入前にサイズ・季節・分布・規制・学名を個別確認
target-059,ボラ,スズキ・河口,海水/汽水,河口/都市河川/港湾,ルアー|餌,Tokyo/Early,未設定,未設定,未設定,未設定,未設定,DRAFT_UNVERIFIED,,本番投入前にサイズ・季節・分布・規制・学名を個別確認
target-060,メナダ,スズキ・河口,海水/汽水,河口/都市河川/港湾,ルアー|餌,Tokyo/Early,未設定,未設定,未設定,未設定,未設定,DRAFT_UNVERIFIED,,本番投入前にサイズ・季節・分布・規制・学名を個別確認
target-061,マハゼ,スズキ・河口,海水/汽水,河口/都市河川/港湾,ルアー|餌,Tokyo/Early,未設定,未設定,未設定,未設定,未設定,DRAFT_UNVERIFIED,,本番投入前にサイズ・季節・分布・規制・学名を個別確認
target-062,ウロハゼ,スズキ・河口,海水/汽水,河口/都市河川/港湾,ルアー|餌,Tokyo/Early,未設定,未設定,未設定,未設定,未設定,DRAFT_UNVERIFIED,,本番投入前にサイズ・季節・分布・規制・学名を個別確認
target-063,チチブ,スズキ・河口,海水/汽水,河口/都市河川/港湾,ルアー|餌,Tokyo/Early,未設定,未設定,未設定,未設定,未設定,DRAFT_UNVERIFIED,,本番投入前にサイズ・季節・分布・規制・学名を個別確認
target-064,ヌマチチブ,スズキ・河口,海水/汽水,河口/都市河川/港湾,ルアー|餌,Tokyo/Early,未設定,未設定,未設定,未設定,未設定,DRAFT_UNVERIFIED,,本番投入前にサイズ・季節・分布・規制・学名を個別確認
target-065,カワアナゴ,スズキ・河口,海水/汽水,河口/都市河川/港湾,ルアー|餌,Tokyo/Early,未設定,未設定,未設定,未設定,未設定,DRAFT_UNVERIFIED,,本番投入前にサイズ・季節・分布・規制・学名を個別確認
target-066,アカメ,スズキ・河口,海水/汽水,河口/都市河川/港湾,ルアー|餌,Tokyo/Early,未設定,未設定,未設定,未設定,未設定,DRAFT_UNVERIFIED,,本番投入前にサイズ・季節・分布・規制・学名を個別確認
target-067,ウナギ,スズキ・河口,海水/汽水,河口/都市河川/港湾,ルアー|餌,Tokyo/Early,未設定,未設定,未設定,未設定,未設定,DRAFT_UNVERIFIED,,本番投入前にサイズ・季節・分布・規制・学名を個別確認
target-068,マダイ,タイ・磯魚,海水,磯/堤防/沿岸,ルアー|餌,Regional,未設定,未設定,未設定,未設定,未設定,DRAFT_UNVERIFIED,,本番投入前にサイズ・季節・分布・規制・学名を個別確認
target-069,チダイ,タイ・磯魚,海水,磯/堤防/沿岸,ルアー|餌,Regional,未設定,未設定,未設定,未設定,未設定,DRAFT_UNVERIFIED,,本番投入前にサイズ・季節・分布・規制・学名を個別確認
target-070,キダイ,タイ・磯魚,海水,磯/堤防/沿岸,ルアー|餌,Regional,未設定,未設定,未設定,未設定,未設定,DRAFT_UNVERIFIED,,本番投入前にサイズ・季節・分布・規制・学名を個別確認
target-071,イシダイ,タイ・磯魚,海水,磯/堤防/沿岸,ルアー|餌,Regional,未設定,未設定,未設定,未設定,未設定,DRAFT_UNVERIFIED,,本番投入前にサイズ・季節・分布・規制・学名を個別確認
target-072,イシガキダイ,タイ・磯魚,海水,磯/堤防/沿岸,ルアー|餌,Regional,未設定,未設定,未設定,未設定,未設定,DRAFT_UNVERIFIED,,本番投入前にサイズ・季節・分布・規制・学名を個別確認
target-073,メジナ,タイ・磯魚,海水,磯/堤防/沿岸,ルアー|餌,Regional,未設定,未設定,未設定,未設定,未設定,DRAFT_UNVERIFIED,,本番投入前にサイズ・季節・分布・規制・学名を個別確認
target-074,クロメジナ,タイ・磯魚,海水,磯/堤防/沿岸,ルアー|餌,Regional,未設定,未設定,未設定,未設定,未設定,DRAFT_UNVERIFIED,,本番投入前にサイズ・季節・分布・規制・学名を個別確認
target-075,イスズミ,タイ・磯魚,海水,磯/堤防/沿岸,ルアー|餌,Regional,未設定,未設定,未設定,未設定,未設定,DRAFT_UNVERIFIED,,本番投入前にサイズ・季節・分布・規制・学名を個別確認
target-076,ブダイ,タイ・磯魚,海水,磯/堤防/沿岸,ルアー|餌,Regional,未設定,未設定,未設定,未設定,未設定,DRAFT_UNVERIFIED,,本番投入前にサイズ・季節・分布・規制・学名を個別確認
target-077,コブダイ,タイ・磯魚,海水,磯/堤防/沿岸,ルアー|餌,Regional,未設定,未設定,未設定,未設定,未設定,DRAFT_UNVERIFIED,,本番投入前にサイズ・季節・分布・規制・学名を個別確認
target-078,アイゴ,タイ・磯魚,海水,磯/堤防/沿岸,ルアー|餌,Regional,未設定,未設定,未設定,未設定,未設定,DRAFT_UNVERIFIED,,本番投入前にサイズ・季節・分布・規制・学名を個別確認
target-079,ニザダイ,タイ・磯魚,海水,磯/堤防/沿岸,ルアー|餌,Regional,未設定,未設定,未設定,未設定,未設定,DRAFT_UNVERIFIED,,本番投入前にサイズ・季節・分布・規制・学名を個別確認
target-080,タカノハダイ,タイ・磯魚,海水,磯/堤防/沿岸,ルアー|餌,Regional,未設定,未設定,未設定,未設定,未設定,DRAFT_UNVERIFIED,,本番投入前にサイズ・季節・分布・規制・学名を個別確認
target-081,ウミタナゴ,タイ・磯魚,海水,磯/堤防/沿岸,ルアー|餌,Regional,未設定,未設定,未設定,未設定,未設定,DRAFT_UNVERIFIED,,本番投入前にサイズ・季節・分布・規制・学名を個別確認
target-082,カゴカキダイ,タイ・磯魚,海水,磯/堤防/沿岸,ルアー|餌,Regional,未設定,未設定,未設定,未設定,未設定,DRAFT_UNVERIFIED,,本番投入前にサイズ・季節・分布・規制・学名を個別確認
target-083,フエフキダイ,タイ・磯魚,海水,磯/堤防/沿岸,ルアー|餌,Regional,未設定,未設定,未設定,未設定,未設定,DRAFT_UNVERIFIED,,本番投入前にサイズ・季節・分布・規制・学名を個別確認
target-084,ハマフエフキ,タイ・磯魚,海水,磯/堤防/沿岸,ルアー|餌,Regional,未設定,未設定,未設定,未設定,未設定,DRAFT_UNVERIFIED,,本番投入前にサイズ・季節・分布・規制・学名を個別確認
target-085,タマン,タイ・磯魚,海水,磯/堤防/沿岸,ルアー|餌,Regional,未設定,未設定,未設定,未設定,未設定,DRAFT_UNVERIFIED,,本番投入前にサイズ・季節・分布・規制・学名を個別確認
target-086,コロダイ,タイ・磯魚,海水,磯/堤防/沿岸,ルアー|餌,Regional,未設定,未設定,未設定,未設定,未設定,DRAFT_UNVERIFIED,,本番投入前にサイズ・季節・分布・規制・学名を個別確認
target-087,ヒラメ,フラット・底物,海水,砂地/底層/沿岸,ルアー|餌,Tokyo/Early,未設定,未設定,未設定,未設定,未設定,DRAFT_UNVERIFIED,,本番投入前にサイズ・季節・分布・規制・学名を個別確認
target-088,マゴチ,フラット・底物,海水,砂地/底層/沿岸,ルアー|餌,Tokyo/Early,未設定,未設定,未設定,未設定,未設定,DRAFT_UNVERIFIED,,本番投入前にサイズ・季節・分布・規制・学名を個別確認
target-089,イシガレイ,フラット・底物,海水,砂地/底層/沿岸,ルアー|餌,Tokyo/Early,未設定,未設定,未設定,未設定,未設定,DRAFT_UNVERIFIED,,本番投入前にサイズ・季節・分布・規制・学名を個別確認
target-090,マコガレイ,フラット・底物,海水,砂地/底層/沿岸,ルアー|餌,Tokyo/Early,未設定,未設定,未設定,未設定,未設定,DRAFT_UNVERIFIED,,本番投入前にサイズ・季節・分布・規制・学名を個別確認
target-091,クロガシラガレイ,フラット・底物,海水,砂地/底層/沿岸,ルアー|餌,Tokyo/Early,未設定,未設定,未設定,未設定,未設定,DRAFT_UNVERIFIED,,本番投入前にサイズ・季節・分布・規制・学名を個別確認
target-092,ヌマガレイ,フラット・底物,海水,砂地/底層/沿岸,ルアー|餌,Tokyo/Early,未設定,未設定,未設定,未設定,未設定,DRAFT_UNVERIFIED,,本番投入前にサイズ・季節・分布・規制・学名を個別確認
target-093,ソウハチ,フラット・底物,海水,砂地/底層/沿岸,ルアー|餌,Tokyo/Early,未設定,未設定,未設定,未設定,未設定,DRAFT_UNVERIFIED,,本番投入前にサイズ・季節・分布・規制・学名を個別確認
target-094,ムシガレイ,フラット・底物,海水,砂地/底層/沿岸,ルアー|餌,Tokyo/Early,未設定,未設定,未設定,未設定,未設定,DRAFT_UNVERIFIED,,本番投入前にサイズ・季節・分布・規制・学名を個別確認
target-095,ババガレイ,フラット・底物,海水,砂地/底層/沿岸,ルアー|餌,Tokyo/Early,未設定,未設定,未設定,未設定,未設定,DRAFT_UNVERIFIED,,本番投入前にサイズ・季節・分布・規制・学名を個別確認
target-096,ホシガレイ,フラット・底物,海水,砂地/底層/沿岸,ルアー|餌,Tokyo/Early,未設定,未設定,未設定,未設定,未設定,DRAFT_UNVERIFIED,,本番投入前にサイズ・季節・分布・規制・学名を個別確認
target-097,カワハギ,フラット・底物,海水,砂地/底層/沿岸,ルアー|餌,Tokyo/Early,未設定,未設定,未設定,未設定,未設定,DRAFT_UNVERIFIED,,本番投入前にサイズ・季節・分布・規制・学名を個別確認
target-098,ウマヅラハギ,フラット・底物,海水,砂地/底層/沿岸,ルアー|餌,Tokyo/Early,未設定,未設定,未設定,未設定,未設定,DRAFT_UNVERIFIED,,本番投入前にサイズ・季節・分布・規制・学名を個別確認
target-099,ウスバハギ,フラット・底物,海水,砂地/底層/沿岸,ルアー|餌,Tokyo/Early,未設定,未設定,未設定,未設定,未設定,DRAFT_UNVERIFIED,,本番投入前にサイズ・季節・分布・規制・学名を個別確認
target-100,シロギス,フラット・底物,海水,砂地/底層/沿岸,ルアー|餌,Tokyo/Early,未設定,未設定,未設定,未設定,未設定,DRAFT_UNVERIFIED,,本番投入前にサイズ・季節・分布・規制・学名を個別確認
target-101,イトヨリダイ,フラット・底物,海水,砂地/底層/沿岸,ルアー|餌,Tokyo/Early,未設定,未設定,未設定,未設定,未設定,DRAFT_UNVERIFIED,,本番投入前にサイズ・季節・分布・規制・学名を個別確認
target-102,ホウボウ,フラット・底物,海水,砂地/底層/沿岸,ルアー|餌,Tokyo/Early,未設定,未設定,未設定,未設定,未設定,DRAFT_UNVERIFIED,,本番投入前にサイズ・季節・分布・規制・学名を個別確認
target-103,カナガシラ,フラット・底物,海水,砂地/底層/沿岸,ルアー|餌,Tokyo/Early,未設定,未設定,未設定,未設定,未設定,DRAFT_UNVERIFIED,,本番投入前にサイズ・季節・分布・規制・学名を個別確認
target-104,マアナゴ,フラット・底物,海水,砂地/底層/沿岸,ルアー|餌,Tokyo/Early,未設定,未設定,未設定,未設定,未設定,DRAFT_UNVERIFIED,,本番投入前にサイズ・季節・分布・規制・学名を個別確認
target-105,クロアナゴ,フラット・底物,海水,砂地/底層/沿岸,ルアー|餌,Tokyo/Early,未設定,未設定,未設定,未設定,未設定,DRAFT_UNVERIFIED,,本番投入前にサイズ・季節・分布・規制・学名を個別確認
target-106,ハモ,フラット・底物,海水,砂地/底層/沿岸,ルアー|餌,Tokyo/Early,未設定,未設定,未設定,未設定,未設定,DRAFT_UNVERIFIED,,本番投入前にサイズ・季節・分布・規制・学名を個別確認
target-107,アカエイ,フラット・底物,海水,砂地/底層/沿岸,ルアー|餌,Tokyo/Early,未設定,未設定,未設定,未設定,未設定,DRAFT_UNVERIFIED,,本番投入前にサイズ・季節・分布・規制・学名を個別確認
target-108,ブリ,回遊・青物,海水,沿岸〜沖/回遊,ショアジギ|キャスティング|船,Mid/Late,未設定,未設定,未設定,未設定,未設定,DRAFT_UNVERIFIED,,本番投入前にサイズ・季節・分布・規制・学名を個別確認
target-109,ヒラマサ,回遊・青物,海水,沿岸〜沖/回遊,ショアジギ|キャスティング|船,Mid/Late,未設定,未設定,未設定,未設定,未設定,DRAFT_UNVERIFIED,,本番投入前にサイズ・季節・分布・規制・学名を個別確認
target-110,カンパチ,回遊・青物,海水,沿岸〜沖/回遊,ショアジギ|キャスティング|船,Mid/Late,未設定,未設定,未設定,未設定,未設定,DRAFT_UNVERIFIED,,本番投入前にサイズ・季節・分布・規制・学名を個別確認
target-111,サワラ,回遊・青物,海水,沿岸〜沖/回遊,ショアジギ|キャスティング|船,Mid/Late,未設定,未設定,未設定,未設定,未設定,DRAFT_UNVERIFIED,,本番投入前にサイズ・季節・分布・規制・学名を個別確認
target-112,スマ,回遊・青物,海水,沿岸〜沖/回遊,ショアジギ|キャスティング|船,Mid/Late,未設定,未設定,未設定,未設定,未設定,DRAFT_UNVERIFIED,,本番投入前にサイズ・季節・分布・規制・学名を個別確認
target-113,カツオ,回遊・青物,海水,沿岸〜沖/回遊,ショアジギ|キャスティング|船,Mid/Late,未設定,未設定,未設定,未設定,未設定,DRAFT_UNVERIFIED,,本番投入前にサイズ・季節・分布・規制・学名を個別確認
target-114,ヒラソウダ,回遊・青物,海水,沿岸〜沖/回遊,ショアジギ|キャスティング|船,Mid/Late,未設定,未設定,未設定,未設定,未設定,DRAFT_UNVERIFIED,,本番投入前にサイズ・季節・分布・規制・学名を個別確認
target-115,マルソウダ,回遊・青物,海水,沿岸〜沖/回遊,ショアジギ|キャスティング|船,Mid/Late,未設定,未設定,未設定,未設定,未設定,DRAFT_UNVERIFIED,,本番投入前にサイズ・季節・分布・規制・学名を個別確認
target-116,シイラ,回遊・青物,海水,沿岸〜沖/回遊,ショアジギ|キャスティング|船,Mid/Late,未設定,未設定,未設定,未設定,未設定,DRAFT_UNVERIFIED,,本番投入前にサイズ・季節・分布・規制・学名を個別確認
target-117,クロマグロ,回遊・青物,海水,沿岸〜沖/回遊,ショアジギ|キャスティング|船,Mid/Late,未設定,未設定,未設定,未設定,未設定,DRAFT_UNVERIFIED,,本番投入前にサイズ・季節・分布・規制・学名を個別確認
target-118,キハダ,回遊・青物,海水,沿岸〜沖/回遊,ショアジギ|キャスティング|船,Mid/Late,未設定,未設定,未設定,未設定,未設定,DRAFT_UNVERIFIED,,本番投入前にサイズ・季節・分布・規制・学名を個別確認
target-119,メバチ,回遊・青物,海水,沿岸〜沖/回遊,ショアジギ|キャスティング|船,Mid/Late,未設定,未設定,未設定,未設定,未設定,DRAFT_UNVERIFIED,,本番投入前にサイズ・季節・分布・規制・学名を個別確認
target-120,ビンナガ,回遊・青物,海水,沿岸〜沖/回遊,ショアジギ|キャスティング|船,Mid/Late,未設定,未設定,未設定,未設定,未設定,DRAFT_UNVERIFIED,,本番投入前にサイズ・季節・分布・規制・学名を個別確認
target-121,コシナガ,回遊・青物,海水,沿岸〜沖/回遊,ショアジギ|キャスティング|船,Mid/Late,未設定,未設定,未設定,未設定,未設定,DRAFT_UNVERIFIED,,本番投入前にサイズ・季節・分布・規制・学名を個別確認
target-122,ハガツオ,回遊・青物,海水,沿岸〜沖/回遊,ショアジギ|キャスティング|船,Mid/Late,未設定,未設定,未設定,未設定,未設定,DRAFT_UNVERIFIED,,本番投入前にサイズ・季節・分布・規制・学名を個別確認
target-123,ツムブリ,回遊・青物,海水,沿岸〜沖/回遊,ショアジギ|キャスティング|船,Mid/Late,未設定,未設定,未設定,未設定,未設定,DRAFT_UNVERIFIED,,本番投入前にサイズ・季節・分布・規制・学名を個別確認
target-124,オニヒラアジ,回遊・青物,海水,沿岸〜沖/回遊,ショアジギ|キャスティング|船,Mid/Late,未設定,未設定,未設定,未設定,未設定,DRAFT_UNVERIFIED,,本番投入前にサイズ・季節・分布・規制・学名を個別確認
target-125,イトヒキアジ,回遊・青物,海水,沿岸〜沖/回遊,ショアジギ|キャスティング|船,Mid/Late,未設定,未設定,未設定,未設定,未設定,DRAFT_UNVERIFIED,,本番投入前にサイズ・季節・分布・規制・学名を個別確認
target-126,マナガツオ,回遊・青物,海水,沿岸〜沖/回遊,ショアジギ|キャスティング|船,Mid/Late,未設定,未設定,未設定,未設定,未設定,DRAFT_UNVERIFIED,,本番投入前にサイズ・季節・分布・規制・学名を個別確認
target-127,タチウオ,大型捕食魚,海水,沿岸〜沖/回遊,ルアー|餌,Regional,未設定,未設定,未設定,未設定,未設定,DRAFT_UNVERIFIED,,本番投入前にサイズ・季節・分布・規制・学名を個別確認
target-128,アカカマス,大型捕食魚,海水,沿岸〜沖/回遊,ルアー|餌,Regional,未設定,未設定,未設定,未設定,未設定,DRAFT_UNVERIFIED,,本番投入前にサイズ・季節・分布・規制・学名を個別確認
target-129,ヤマトカマス,大型捕食魚,海水,沿岸〜沖/回遊,ルアー|餌,Regional,未設定,未設定,未設定,未設定,未設定,DRAFT_UNVERIFIED,,本番投入前にサイズ・季節・分布・規制・学名を個別確認
target-130,ダツ,大型捕食魚,海水,沿岸〜沖/回遊,ルアー|餌,Regional,未設定,未設定,未設定,未設定,未設定,DRAFT_UNVERIFIED,,本番投入前にサイズ・季節・分布・規制・学名を個別確認
target-131,オキザヨリ,大型捕食魚,海水,沿岸〜沖/回遊,ルアー|餌,Regional,未設定,未設定,未設定,未設定,未設定,DRAFT_UNVERIFIED,,本番投入前にサイズ・季節・分布・規制・学名を個別確認
target-132,マエソ,大型捕食魚,海水,沿岸〜沖/回遊,ルアー|餌,Regional,未設定,未設定,未設定,未設定,未設定,DRAFT_UNVERIFIED,,本番投入前にサイズ・季節・分布・規制・学名を個別確認
target-133,ワニエソ,大型捕食魚,海水,沿岸〜沖/回遊,ルアー|餌,Regional,未設定,未設定,未設定,未設定,未設定,DRAFT_UNVERIFIED,,本番投入前にサイズ・季節・分布・規制・学名を個別確認
target-134,バラクーダ類,大型捕食魚,海水,沿岸〜沖/回遊,ルアー|餌,Regional,未設定,未設定,未設定,未設定,未設定,DRAFT_UNVERIFIED,,本番投入前にサイズ・季節・分布・規制・学名を個別確認
target-135,サメ類（小型沿岸）,大型捕食魚,海水,沿岸〜沖/回遊,ルアー|餌,Regional,未設定,未設定,未設定,未設定,未設定,DRAFT_UNVERIFIED,,本番投入前にサイズ・季節・分布・規制・学名を個別確認
target-136,アカムツ,沖・深場,海水,沖/深場,船|底|ジギング,Mid/Late,未設定,未設定,未設定,未設定,未設定,DRAFT_UNVERIFIED,,本番投入前にサイズ・季節・分布・規制・学名を個別確認
target-137,クロムツ,沖・深場,海水,沖/深場,船|底|ジギング,Mid/Late,未設定,未設定,未設定,未設定,未設定,DRAFT_UNVERIFIED,,本番投入前にサイズ・季節・分布・規制・学名を個別確認
target-138,キンメダイ,沖・深場,海水,沖/深場,船|底|ジギング,Mid/Late,未設定,未設定,未設定,未設定,未設定,DRAFT_UNVERIFIED,,本番投入前にサイズ・季節・分布・規制・学名を個別確認
target-139,アラ,沖・深場,海水,沖/深場,船|底|ジギング,Mid/Late,未設定,未設定,未設定,未設定,未設定,DRAFT_UNVERIFIED,,本番投入前にサイズ・季節・分布・規制・学名を個別確認
target-140,メダイ,沖・深場,海水,沖/深場,船|底|ジギング,Mid/Late,未設定,未設定,未設定,未設定,未設定,DRAFT_UNVERIFIED,,本番投入前にサイズ・季節・分布・規制・学名を個別確認
target-141,アマダイ,沖・深場,海水,沖/深場,船|底|ジギング,Mid/Late,未設定,未設定,未設定,未設定,未設定,DRAFT_UNVERIFIED,,本番投入前にサイズ・季節・分布・規制・学名を個別確認
target-142,シロアマダイ,沖・深場,海水,沖/深場,船|底|ジギング,Mid/Late,未設定,未設定,未設定,未設定,未設定,DRAFT_UNVERIFIED,,本番投入前にサイズ・季節・分布・規制・学名を個別確認
target-143,アカアマダイ,沖・深場,海水,沖/深場,船|底|ジギング,Mid/Late,未設定,未設定,未設定,未設定,未設定,DRAFT_UNVERIFIED,,本番投入前にサイズ・季節・分布・規制・学名を個別確認
target-144,アブラボウズ,沖・深場,海水,沖/深場,船|底|ジギング,Mid/Late,未設定,未設定,未設定,未設定,未設定,DRAFT_UNVERIFIED,,本番投入前にサイズ・季節・分布・規制・学名を個別確認
target-145,ギンダラ,沖・深場,海水,沖/深場,船|底|ジギング,Mid/Late,未設定,未設定,未設定,未設定,未設定,DRAFT_UNVERIFIED,,本番投入前にサイズ・季節・分布・規制・学名を個別確認
target-146,コイ,淡水一般,淡水,河川/湖沼,餌|ウキ|底|ルアー,Regional,未設定,未設定,未設定,未設定,未設定,DRAFT_UNVERIFIED,,本番投入前にサイズ・季節・分布・規制・学名を個別確認
target-147,ニゴイ,淡水一般,淡水,河川/湖沼,餌|ウキ|底|ルアー,Regional,未設定,未設定,未設定,未設定,未設定,DRAFT_UNVERIFIED,,本番投入前にサイズ・季節・分布・規制・学名を個別確認
target-148,ギンブナ,淡水一般,淡水,河川/湖沼,餌|ウキ|底|ルアー,Regional,未設定,未設定,未設定,未設定,未設定,DRAFT_UNVERIFIED,,本番投入前にサイズ・季節・分布・規制・学名を個別確認
target-149,ゲンゴロウブナ,淡水一般,淡水,河川/湖沼,餌|ウキ|底|ルアー,Regional,未設定,未設定,未設定,未設定,未設定,DRAFT_UNVERIFIED,,本番投入前にサイズ・季節・分布・規制・学名を個別確認
target-150,ヘラブナ,淡水一般,淡水,河川/湖沼,餌|ウキ|底|ルアー,Regional,未設定,未設定,未設定,未設定,未設定,DRAFT_UNVERIFIED,,本番投入前にサイズ・季節・分布・規制・学名を個別確認
target-151,ヤリタナゴ,淡水一般,淡水,河川/湖沼,餌|ウキ|底|ルアー,Regional,未設定,未設定,未設定,未設定,未設定,DRAFT_UNVERIFIED,,本番投入前にサイズ・季節・分布・規制・学名を個別確認
target-152,カネヒラ,淡水一般,淡水,河川/湖沼,餌|ウキ|底|ルアー,Regional,未設定,未設定,未設定,未設定,未設定,DRAFT_UNVERIFIED,,本番投入前にサイズ・季節・分布・規制・学名を個別確認
target-153,タイリクバラタナゴ,淡水一般,淡水,河川/湖沼,餌|ウキ|底|ルアー,Regional,未設定,未設定,未設定,未設定,未設定,DRAFT_UNVERIFIED,,本番投入前にサイズ・季節・分布・規制・学名を個別確認
target-154,オイカワ,淡水一般,淡水,河川/湖沼,餌|ウキ|底|ルアー,Regional,未設定,未設定,未設定,未設定,未設定,DRAFT_UNVERIFIED,,本番投入前にサイズ・季節・分布・規制・学名を個別確認
target-155,カワムツ,淡水一般,淡水,河川/湖沼,餌|ウキ|底|ルアー,Regional,未設定,未設定,未設定,未設定,未設定,DRAFT_UNVERIFIED,,本番投入前にサイズ・季節・分布・規制・学名を個別確認
target-156,ヌマムツ,淡水一般,淡水,河川/湖沼,餌|ウキ|底|ルアー,Regional,未設定,未設定,未設定,未設定,未設定,DRAFT_UNVERIFIED,,本番投入前にサイズ・季節・分布・規制・学名を個別確認
target-157,ウグイ,淡水一般,淡水,河川/湖沼,餌|ウキ|底|ルアー,Regional,未設定,未設定,未設定,未設定,未設定,DRAFT_UNVERIFIED,,本番投入前にサイズ・季節・分布・規制・学名を個別確認
target-158,マルタウグイ,淡水一般,淡水,河川/湖沼,餌|ウキ|底|ルアー,Regional,未設定,未設定,未設定,未設定,未設定,DRAFT_UNVERIFIED,,本番投入前にサイズ・季節・分布・規制・学名を個別確認
target-159,アブラハヤ,淡水一般,淡水,河川/湖沼,餌|ウキ|底|ルアー,Regional,未設定,未設定,未設定,未設定,未設定,DRAFT_UNVERIFIED,,本番投入前にサイズ・季節・分布・規制・学名を個別確認
target-160,タモロコ,淡水一般,淡水,河川/湖沼,餌|ウキ|底|ルアー,Regional,未設定,未設定,未設定,未設定,未設定,DRAFT_UNVERIFIED,,本番投入前にサイズ・季節・分布・規制・学名を個別確認
target-161,モツゴ,淡水一般,淡水,河川/湖沼,餌|ウキ|底|ルアー,Regional,未設定,未設定,未設定,未設定,未設定,DRAFT_UNVERIFIED,,本番投入前にサイズ・季節・分布・規制・学名を個別確認
target-162,ワカサギ,淡水一般,淡水,河川/湖沼,餌|ウキ|底|ルアー,Regional,未設定,未設定,未設定,未設定,未設定,DRAFT_UNVERIFIED,,本番投入前にサイズ・季節・分布・規制・学名を個別確認
target-163,ドジョウ,淡水一般,淡水,河川/湖沼,餌|ウキ|底|ルアー,Regional,未設定,未設定,未設定,未設定,未設定,DRAFT_UNVERIFIED,,本番投入前にサイズ・季節・分布・規制・学名を個別確認
target-164,ナマズ,淡水一般,淡水,河川/湖沼,餌|ウキ|底|ルアー,Regional,未設定,未設定,未設定,未設定,未設定,DRAFT_UNVERIFIED,,本番投入前にサイズ・季節・分布・規制・学名を個別確認
target-165,ギギ,淡水一般,淡水,河川/湖沼,餌|ウキ|底|ルアー,Regional,未設定,未設定,未設定,未設定,未設定,DRAFT_UNVERIFIED,,本番投入前にサイズ・季節・分布・規制・学名を個別確認
target-166,ライギョ,淡水一般,淡水,河川/湖沼,餌|ウキ|底|ルアー,Regional,未設定,未設定,未設定,未設定,未設定,DRAFT_UNVERIFIED,,本番投入前にサイズ・季節・分布・規制・学名を個別確認
target-167,カマツカ,淡水一般,淡水,河川/湖沼,餌|ウキ|底|ルアー,Regional,未設定,未設定,未設定,未設定,未設定,DRAFT_UNVERIFIED,,本番投入前にサイズ・季節・分布・規制・学名を個別確認
target-168,ツチフキ,淡水一般,淡水,河川/湖沼,餌|ウキ|底|ルアー,Regional,未設定,未設定,未設定,未設定,未設定,DRAFT_UNVERIFIED,,本番投入前にサイズ・季節・分布・規制・学名を個別確認
target-169,ニジマス,トラウト・サーモン,淡水,渓流/河川/湖/遡上,トラウトルアー|フライ|餌,Regional,未設定,未設定,未設定,未設定,未設定,DRAFT_UNVERIFIED,,本番投入前にサイズ・季節・分布・規制・学名を個別確認
target-170,ヤマメ,トラウト・サーモン,淡水,渓流/河川/湖/遡上,トラウトルアー|フライ|餌,Regional,未設定,未設定,未設定,未設定,未設定,DRAFT_UNVERIFIED,,本番投入前にサイズ・季節・分布・規制・学名を個別確認
target-171,アマゴ,トラウト・サーモン,淡水,渓流/河川/湖/遡上,トラウトルアー|フライ|餌,Regional,未設定,未設定,未設定,未設定,未設定,DRAFT_UNVERIFIED,,本番投入前にサイズ・季節・分布・規制・学名を個別確認
target-172,イワナ,トラウト・サーモン,淡水,渓流/河川/湖/遡上,トラウトルアー|フライ|餌,Regional,未設定,未設定,未設定,未設定,未設定,DRAFT_UNVERIFIED,,本番投入前にサイズ・季節・分布・規制・学名を個別確認
target-173,エゾイワナ,トラウト・サーモン,淡水,渓流/河川/湖/遡上,トラウトルアー|フライ|餌,Regional,未設定,未設定,未設定,未設定,未設定,DRAFT_UNVERIFIED,,本番投入前にサイズ・季節・分布・規制・学名を個別確認
target-174,オショロコマ,トラウト・サーモン,淡水,渓流/河川/湖/遡上,トラウトルアー|フライ|餌,Regional,未設定,未設定,未設定,未設定,未設定,DRAFT_UNVERIFIED,,本番投入前にサイズ・季節・分布・規制・学名を個別確認
target-175,ブラウントラウト,トラウト・サーモン,淡水,渓流/河川/湖/遡上,トラウトルアー|フライ|餌,Regional,未設定,未設定,未設定,未設定,未設定,DRAFT_UNVERIFIED,,本番投入前にサイズ・季節・分布・規制・学名を個別確認
target-176,イトウ,トラウト・サーモン,淡水,渓流/河川/湖/遡上,トラウトルアー|フライ|餌,Regional,未設定,未設定,未設定,未設定,未設定,DRAFT_UNVERIFIED,,本番投入前にサイズ・季節・分布・規制・学名を個別確認
target-177,サクラマス,トラウト・サーモン,淡水,渓流/河川/湖/遡上,トラウトルアー|フライ|餌,Regional,未設定,未設定,未設定,未設定,未設定,DRAFT_UNVERIFIED,,本番投入前にサイズ・季節・分布・規制・学名を個別確認
target-178,サツキマス,トラウト・サーモン,淡水,渓流/河川/湖/遡上,トラウトルアー|フライ|餌,Regional,未設定,未設定,未設定,未設定,未設定,DRAFT_UNVERIFIED,,本番投入前にサイズ・季節・分布・規制・学名を個別確認
target-179,サケ,トラウト・サーモン,淡水,渓流/河川/湖/遡上,トラウトルアー|フライ|餌,Regional,未設定,未設定,未設定,未設定,未設定,DRAFT_UNVERIFIED,,本番投入前にサイズ・季節・分布・規制・学名を個別確認
target-180,カラフトマス,トラウト・サーモン,淡水,渓流/河川/湖/遡上,トラウトルアー|フライ|餌,Regional,未設定,未設定,未設定,未設定,未設定,DRAFT_UNVERIFIED,,本番投入前にサイズ・季節・分布・規制・学名を個別確認
target-181,ヒメマス,トラウト・サーモン,淡水,渓流/河川/湖/遡上,トラウトルアー|フライ|餌,Regional,未設定,未設定,未設定,未設定,未設定,DRAFT_UNVERIFIED,,本番投入前にサイズ・季節・分布・規制・学名を個別確認
target-182,アメマス,トラウト・サーモン,淡水,渓流/河川/湖/遡上,トラウトルアー|フライ|餌,Regional,未設定,未設定,未設定,未設定,未設定,DRAFT_UNVERIFIED,,本番投入前にサイズ・季節・分布・規制・学名を個別確認
target-183,ビワマス,トラウト・サーモン,淡水,渓流/河川/湖/遡上,トラウトルアー|フライ|餌,Regional,未設定,未設定,未設定,未設定,未設定,DRAFT_UNVERIFIED,,本番投入前にサイズ・季節・分布・規制・学名を個別確認
target-184,オオクチバス,ゲームフィッシュ淡水,淡水,湖沼/河川,バスルアー,Regional,未設定,未設定,未設定,未設定,未設定,DRAFT_UNVERIFIED,,本番投入前にサイズ・季節・分布・規制・学名を個別確認
target-185,コクチバス,ゲームフィッシュ淡水,淡水,湖沼/河川,バスルアー,Regional,未設定,未設定,未設定,未設定,未設定,DRAFT_UNVERIFIED,,本番投入前にサイズ・季節・分布・規制・学名を個別確認
target-186,ブルーギル,ゲームフィッシュ淡水,淡水,湖沼/河川,バスルアー,Regional,未設定,未設定,未設定,未設定,未設定,DRAFT_UNVERIFIED,,本番投入前にサイズ・季節・分布・規制・学名を個別確認
target-187,ピーコックバス（将来海外拡張）,ゲームフィッシュ淡水,淡水,湖沼/河川,バスルアー,Future,未設定,未設定,未設定,未設定,未設定,DRAFT_UNVERIFIED,,本番投入前にサイズ・季節・分布・規制・学名を個別確認
target-188,ビワコオオナマズ,湖沼大型・特殊,淡水,湖沼/大河川,ルアー|餌,Regional,未設定,未設定,未設定,未設定,未設定,DRAFT_UNVERIFIED,,本番投入前にサイズ・季節・分布・規制・学名を個別確認
target-189,オオナマズ,湖沼大型・特殊,淡水,湖沼/大河川,ルアー|餌,Regional,未設定,未設定,未設定,未設定,未設定,DRAFT_UNVERIFIED,,本番投入前にサイズ・季節・分布・規制・学名を個別確認
target-190,ハクレン,湖沼大型・特殊,淡水,湖沼/大河川,ルアー|餌,Regional,未設定,未設定,未設定,未設定,未設定,DRAFT_UNVERIFIED,,本番投入前にサイズ・季節・分布・規制・学名を個別確認
target-191,ソウギョ,湖沼大型・特殊,淡水,湖沼/大河川,ルアー|餌,Regional,未設定,未設定,未設定,未設定,未設定,DRAFT_UNVERIFIED,,本番投入前にサイズ・季節・分布・規制・学名を個別確認
target-192,アオリイカ,イカ・タコ等,海水,沿岸/岩礁/沖,エギング|餌|ルアー,Regional,未設定,未設定,未設定,未設定,未設定,DRAFT_UNVERIFIED,,本番投入前にサイズ・季節・分布・規制・学名を個別確認
target-193,ヤリイカ,イカ・タコ等,海水,沿岸/岩礁/沖,エギング|餌|ルアー,Regional,未設定,未設定,未設定,未設定,未設定,DRAFT_UNVERIFIED,,本番投入前にサイズ・季節・分布・規制・学名を個別確認
target-194,スルメイカ,イカ・タコ等,海水,沿岸/岩礁/沖,エギング|餌|ルアー,Regional,未設定,未設定,未設定,未設定,未設定,DRAFT_UNVERIFIED,,本番投入前にサイズ・季節・分布・規制・学名を個別確認
target-195,ケンサキイカ,イカ・タコ等,海水,沿岸/岩礁/沖,エギング|餌|ルアー,Regional,未設定,未設定,未設定,未設定,未設定,DRAFT_UNVERIFIED,,本番投入前にサイズ・季節・分布・規制・学名を個別確認
target-196,コウイカ,イカ・タコ等,海水,沿岸/岩礁/沖,エギング|餌|ルアー,Regional,未設定,未設定,未設定,未設定,未設定,DRAFT_UNVERIFIED,,本番投入前にサイズ・季節・分布・規制・学名を個別確認
target-197,モンゴウイカ,イカ・タコ等,海水,沿岸/岩礁/沖,エギング|餌|ルアー,Regional,未設定,未設定,未設定,未設定,未設定,DRAFT_UNVERIFIED,,本番投入前にサイズ・季節・分布・規制・学名を個別確認
target-198,ヒイカ,イカ・タコ等,海水,沿岸/岩礁/沖,エギング|餌|ルアー,Regional,未設定,未設定,未設定,未設定,未設定,DRAFT_UNVERIFIED,,本番投入前にサイズ・季節・分布・規制・学名を個別確認
target-199,マダコ,イカ・タコ等,海水,沿岸/岩礁/沖,エギング|餌|ルアー,Regional,未設定,未設定,未設定,未設定,未設定,DRAFT_UNVERIFIED,,本番投入前にサイズ・季節・分布・規制・学名を個別確認
target-200,イイダコ,イカ・タコ等,海水,沿岸/岩礁/沖,エギング|餌|ルアー,Regional,未設定,未設定,未設定,未設定,未設定,DRAFT_UNVERIFIED,,本番投入前にサイズ・季節・分布・規制・学名を個別確認
target-201,ミズダコ,イカ・タコ等,海水,沿岸/岩礁/沖,エギング|餌|ルアー,Regional,未設定,未設定,未設定,未設定,未設定,DRAFT_UNVERIFIED,,本番投入前にサイズ・季節・分布・規制・学名を個別確認
target-202,テナガエビ,甲殻類・その他,海水,河川/沿岸/岩礁,ルアー|餌,Regional,未設定,未設定,未設定,未設定,未設定,DRAFT_UNVERIFIED,,本番投入前にサイズ・季節・分布・規制・学名を個別確認
target-203,スジエビ,甲殻類・その他,海水,河川/沿岸/岩礁,ルアー|餌,Regional,未設定,未設定,未設定,未設定,未設定,DRAFT_UNVERIFIED,,本番投入前にサイズ・季節・分布・規制・学名を個別確認
target-204,モクズガニ,甲殻類・その他,海水,河川/沿岸/岩礁,ルアー|餌,Regional,未設定,未設定,未設定,未設定,未設定,DRAFT_UNVERIFIED,,本番投入前にサイズ・季節・分布・規制・学名を個別確認
target-205,ワタリガニ,甲殻類・その他,海水,河川/沿岸/岩礁,ルアー|餌,Regional,未設定,未設定,未設定,未設定,未設定,DRAFT_UNVERIFIED,,本番投入前にサイズ・季節・分布・規制・学名を個別確認
target-206,イセエビ（規制要注意）,甲殻類・その他,海水,河川/沿岸/岩礁,ルアー|餌,Regional,未設定,未設定,未設定,未設定,未設定,DRAFT_UNVERIFIED,,本番投入前にサイズ・季節・分布・規制・学名を個別確認
target-207,ホッケ,北海道・北方,海水,北方沿岸/河川/湖,ルアー|餌,Mid/Late,未設定,未設定,未設定,未設定,未設定,DRAFT_UNVERIFIED,,本番投入前にサイズ・季節・分布・規制・学名を個別確認
target-208,コマイ,北海道・北方,海水,北方沿岸/河川/湖,ルアー|餌,Mid/Late,未設定,未設定,未設定,未設定,未設定,DRAFT_UNVERIFIED,,本番投入前にサイズ・季節・分布・規制・学名を個別確認
target-209,カジカ,北海道・北方,海水,北方沿岸/河川/湖,ルアー|餌,Mid/Late,未設定,未設定,未設定,未設定,未設定,DRAFT_UNVERIFIED,,本番投入前にサイズ・季節・分布・規制・学名を個別確認
target-210,トゲカジカ,北海道・北方,海水,北方沿岸/河川/湖,ルアー|餌,Mid/Late,未設定,未設定,未設定,未設定,未設定,DRAFT_UNVERIFIED,,本番投入前にサイズ・季節・分布・規制・学名を個別確認
target-211,ギスカジカ,北海道・北方,海水,北方沿岸/河川/湖,ルアー|餌,Mid/Late,未設定,未設定,未設定,未設定,未設定,DRAFT_UNVERIFIED,,本番投入前にサイズ・季節・分布・規制・学名を個別確認
target-212,ガーラ,南方・沖縄,海水,南西諸島/礁/沿岸,ルアー|餌,Mid/Late,未設定,未設定,未設定,未設定,未設定,DRAFT_UNVERIFIED,,本番投入前にサイズ・季節・分布・規制・学名を個別確認
target-213,ミーバイ類,南方・沖縄,海水,南西諸島/礁/沿岸,ルアー|餌,Mid/Late,未設定,未設定,未設定,未設定,未設定,DRAFT_UNVERIFIED,,本番投入前にサイズ・季節・分布・規制・学名を個別確認
target-214,イラブチャー,南方・沖縄,海水,南西諸島/礁/沿岸,ルアー|餌,Mid/Late,未設定,未設定,未設定,未設定,未設定,DRAFT_UNVERIFIED,,本番投入前にサイズ・季節・分布・規制・学名を個別確認
target-215,カーエー,南方・沖縄,海水,南西諸島/礁/沿岸,ルアー|餌,Mid/Late,未設定,未設定,未設定,未設定,未設定,DRAFT_UNVERIFIED,,本番投入前にサイズ・季節・分布・規制・学名を個別確認
target-216,オジサン,南方・沖縄,海水,南西諸島/礁/沿岸,ルアー|餌,Mid/Late,未設定,未設定,未設定,未設定,未設定,DRAFT_UNVERIFIED,,本番投入前にサイズ・季節・分布・規制・学名を個別確認
target-217,アカジン,南方・沖縄,海水,南西諸島/礁/沿岸,ルアー|餌,Mid/Late,未設定,未設定,未設定,未設定,未設定,DRAFT_UNVERIFIED,,本番投入前にサイズ・季節・分布・規制・学名を個別確認
target-218,オニカマス,南方・沖縄,海水,南西諸島/礁/沿岸,ルアー|餌,Mid/Late,未設定,未設定,未設定,未設定,未設定,DRAFT_UNVERIFIED,,本番投入前にサイズ・季節・分布・規制・学名を個別確認