GearID,Brand,Series,Model,UseClass,LengthM,Power,Action,LureMinG,LureMaxG,LineMinKg,LineMaxKg,WeightG,Sensitivity,Control,FightingPower,CastPotential,PriceJPY,PrimaryUse,Status
rod-0001,Shimara,SOLVIA,183ULF,Ajing,1.83,UL,Fast,0.5,5,1.5,4,135,68,70,60,41,17600,軽量ジグ/アジ,FICTIONAL_CONTENT
rod-0002,Shimara,SOLVIA,193ULF,Ajing,1.93,UL,Fast,0.5,5,1.5,4,138,68,70,60,43,16800,軽量ジグ/アジ,FICTIONAL_CONTENT
rod-0003,Shimara,SOLVIA,203ULF,Ajing,2.03,UL,Fast,0.5,5,1.5,4,141,68,70,60,46,16000,軽量ジグ/アジ,FICTIONAL_CONTENT
rod-0004,Shimara,SOLVIA,213ULF,Ajing,2.13,UL,Fast,0.5,5,1.5,4,144,68,70,60,48,16800,軽量ジグ/アジ,FICTIONAL_CONTENT
rod-0005,Shimara,SOLVIA,223ULF,Ajing,2.23,UL,Fast,0.5,5,1.5,4,147,68,70,60,50,17600,軽量ジグ/アジ,FICTIONAL_CONTENT
rod-0006,Shimara,EXSENSEA,209LF,Mebaring,2.09,L,Fast,1,8,2,5,143,68,70,60,47,18500,メバル/ライト,FICTIONAL_CONTENT
rod-0007,Shimara,EXSENSEA,219LF,Mebaring,2.19,L,Fast,1,8,2,5,146,68,70,60,49,17700,メバル/ライト,FICTIONAL_CONTENT
rod-0008,Shimara,EXSENSEA,229LF,Mebaring,2.29,L,Fast,1,8,2,5,148,68,70,60,52,16900,メバル/ライト,FICTIONAL_CONTENT
rod-0009,Shimara,EXSENSEA,239LF,Mebaring,2.39,L,Fast,1,8,2,5,151,68,70,60,54,17700,メバル/ライト,FICTIONAL_CONTENT
rod-0010,Shimara,EXSENSEA,249LF,Mebaring,2.49,L,Fast,1,8,2,5,154,68,70,60,56,18500,メバル/ライト,FICTIONAL_CONTENT
rod-0011,Shimara,SOLVIA,155ULM,Trout Stream,1.55,UL,Moderate,1,7,1.5,4,127,64,70,60,35,19300,渓流,FICTIONAL_CONTENT
rod-0012,Shimara,SOLVIA,165ULM,Trout Stream,1.65,UL,Moderate,1,7,1.5,4,130,64,70,60,37,18500,渓流,FICTIONAL_CONTENT
rod-0013,Shimara,SOLVIA,175ULM,Trout Stream,1.75,UL,Moderate,1,7,1.5,4,133,64,70,60,39,17700,渓流,FICTIONAL_CONTENT
rod-0014,Shimara,SOLVIA,185ULM,Trout Stream,1.85,UL,Moderate,1,7,1.5,4,136,64,70,60,42,18500,渓流,FICTIONAL_CONTENT
rod-0015,Shimara,SOLVIA,195ULM,Trout Stream,1.95,UL,Moderate,1,7,1.5,4,139,64,70,60,44,19300,渓流,FICTIONAL_CONTENT
rod-0016,Shimara,EXSENSEA,193LM,Trout Lake,1.93,L,Moderate,2,12,2,6,138,64,70,60,43,20200,湖トラウト,FICTIONAL_CONTENT
rod-0017,Shimara,EXSENSEA,203LM,Trout Lake,2.03,L,Moderate,2,12,2,6,141,64,70,60,46,19400,湖トラウト,FICTIONAL_CONTENT
rod-0018,Shimara,EXSENSEA,213LM,Trout Lake,2.13,L,Moderate,2,12,2,6,144,64,70,60,48,18600,湖トラウト,FICTIONAL_CONTENT
rod-0019,Shimara,EXSENSEA,223LM,Trout Lake,2.23,L,Moderate,2,12,2,6,147,64,70,60,50,19400,湖トラウト,FICTIONAL_CONTENT
rod-0020,Shimara,EXSENSEA,233LM,Trout Lake,2.33,L,Moderate,2,12,2,6,150,64,70,60,52,20200,湖トラウト,FICTIONAL_CONTENT
rod-0021,Shimara,SOLVIA,188MLF,Bass Finesse,1.88,ML,Fast,2,12,3,8,137,68,70,60,42,21000,バス/フィネス,FICTIONAL_CONTENT
rod-0022,Shimara,SOLVIA,198MLF,Bass Finesse,1.98,ML,Fast,2,12,3,8,139,68,70,60,45,20200,バス/フィネス,FICTIONAL_CONTENT
rod-0023,Shimara,SOLVIA,208MLF,Bass Finesse,2.08,ML,Fast,2,12,3,8,142,68,70,60,47,19400,バス/フィネス,FICTIONAL_CONTENT
rod-0024,Shimara,SOLVIA,218MLF,Bass Finesse,2.18,ML,Fast,2,12,3,8,145,68,70,60,49,20200,バス/フィネス,FICTIONAL_CONTENT
rod-0025,Shimara,SOLVIA,228MLF,Bass Finesse,2.28,ML,Fast,2,12,3,8,148,68,70,60,51,21000,バス/フィネス,FICTIONAL_CONTENT
rod-0026,Shimara,EXSENSEA,193MHF,Bass Power,1.93,MH,Fast,7,28,6,14,148,68,70,65,43,21900,バス/カバー,FICTIONAL_CONTENT
rod-0027,Shimara,EXSENSEA,203MHF,Bass Power,2.03,MH,Fast,7,28,6,14,151,68,70,65,46,21100,バス/カバー,FICTIONAL_CONTENT
rod-0028,Shimara,EXSENSEA,213MHF,Bass Power,2.13,MH,Fast,7,28,6,14,154,68,70,65,48,20300,バス/カバー,FICTIONAL_CONTENT
rod-0029,Shimara,EXSENSEA,223MHF,Bass Power,2.23,MH,Fast,7,28,6,14,157,68,70,65,50,21100,バス/カバー,FICTIONAL_CONTENT
rod-0030,Shimara,EXSENSEA,233MHF,Bass Power,2.33,MH,Fast,7,28,6,14,160,68,70,65,52,21900,バス/カバー,FICTIONAL_CONTENT
rod-0031,Shimara,SOLVIA,214MLF,Chinning,2.14,ML,Fast,3,18,4,10,144,68,70,60,48,22700,チニング,FICTIONAL_CONTENT
rod-0032,Shimara,SOLVIA,224MLF,Chinning,2.24,ML,Fast,3,18,4,10,147,68,70,60,50,21900,チニング,FICTIONAL_CONTENT
rod-0033,Shimara,SOLVIA,234MLF,Chinning,2.34,ML,Fast,3,18,4,10,150,68,70,60,53,21100,チニング,FICTIONAL_CONTENT
rod-0034,Shimara,SOLVIA,244MLF,Chinning,2.44,ML,Fast,3,18,4,10,153,68,70,60,55,21900,チニング,FICTIONAL_CONTENT
rod-0035,Shimara,SOLVIA,254MLF,Chinning,2.54,ML,Fast,3,18,4,10,156,68,70,60,57,22700,チニング,FICTIONAL_CONTENT
rod-0036,Shimara,EXSENSEA,239MLF,Seabass Short,2.39,ML,Fast,5,28,5,12,151,68,70,60,54,23600,港湾シーバス,FICTIONAL_CONTENT
rod-0037,Shimara,EXSENSEA,249MLF,Seabass Short,2.49,ML,Fast,5,28,5,12,154,68,70,60,56,22800,港湾シーバス,FICTIONAL_CONTENT
rod-0038,Shimara,EXSENSEA,259MLF,Seabass Short,2.59,ML,Fast,5,28,5,12,157,68,70,60,58,22000,港湾シーバス,FICTIONAL_CONTENT
rod-0039,Shimara,EXSENSEA,269MLF,Seabass Short,2.69,ML,Fast,5,28,5,12,160,68,66,60,61,22800,港湾シーバス,FICTIONAL_CONTENT
rod-0040,Shimara,EXSENSEA,279MLF,Seabass Short,2.79,ML,Fast,5,28,5,12,163,68,66,60,63,23600,港湾シーバス,FICTIONAL_CONTENT
rod-0041,Shimara,SOLVIA,254MF,Seabass Standard,2.54,M,Fast,7,35,6,14,156,68,70,60,57,24400,河川/湾岸シーバス,FICTIONAL_CONTENT
rod-0042,Shimara,SOLVIA,264MF,Seabass Standard,2.64,M,Fast,7,35,6,14,159,68,66,60,59,23600,河川/湾岸シーバス,FICTIONAL_CONTENT
rod-0043,Shimara,SOLVIA,274MF,Seabass Standard,2.74,M,Fast,7,35,6,14,161,68,66,60,62,22800,河川/湾岸シーバス,FICTIONAL_CONTENT
rod-0044,Shimara,SOLVIA,284MF,Seabass Standard,2.84,M,Fast,7,35,6,14,164,68,66,60,64,23600,河川/湾岸シーバス,FICTIONAL_CONTENT
rod-0045,Shimara,SOLVIA,294MF,Seabass Standard,2.94,M,Fast,7,35,6,14,167,68,66,60,66,24400,河川/湾岸シーバス,FICTIONAL_CONTENT
rod-0046,Shimara,EXSENSEA,270MF,Seabass Long,2.7,M,Fast,10,45,7,16,160,68,66,60,61,25300,大河川/遠投,FICTIONAL_CONTENT
rod-0047,Shimara,EXSENSEA,280MF,Seabass Long,2.8,M,Fast,10,45,7,16,163,68,66,60,63,24500,大河川/遠投,FICTIONAL_CONTENT
rod-0048,Shimara,EXSENSEA,290MF,Seabass Long,2.9,M,Fast,10,45,7,16,166,68,66,60,65,23700,大河川/遠投,FICTIONAL_CONTENT
rod-0049,Shimara,EXSENSEA,300MF,Seabass Long,3,M,Fast,10,45,7,16,169,68,66,60,68,24500,大河川/遠投,FICTIONAL_CONTENT
rod-0050,Shimara,EXSENSEA,310MF,Seabass Long,3.1,M,Fast,10,45,7,16,172,68,66,60,70,25300,大河川/遠投,FICTIONAL_CONTENT
rod-0051,Shimara,SOLVIA,224LF,Eging Light,2.24,L,Fast,3,18,3,8,147,68,70,60,50,26100,ライトエギ,FICTIONAL_CONTENT
rod-0052,Shimara,SOLVIA,234LF,Eging Light,2.34,L,Fast,3,18,3,8,150,68,70,60,53,25300,ライトエギ,FICTIONAL_CONTENT
rod-0053,Shimara,SOLVIA,244LF,Eging Light,2.44,L,Fast,3,18,3,8,153,68,70,60,55,24500,ライトエギ,FICTIONAL_CONTENT
rod-0054,Shimara,SOLVIA,254LF,Eging Light,2.54,L,Fast,3,18,3,8,156,68,70,60,57,25300,ライトエギ,FICTIONAL_CONTENT
rod-0055,Shimara,SOLVIA,264LF,Eging Light,2.64,L,Fast,3,18,3,8,159,68,66,60,59,26100,ライトエギ,FICTIONAL_CONTENT
rod-0056,Shimara,EXSENSEA,231MLF,Eging Standard,2.31,ML,Fast,5,25,4,10,149,68,70,60,52,27000,エギング,FICTIONAL_CONTENT
rod-0057,Shimara,EXSENSEA,241MLF,Eging Standard,2.41,ML,Fast,5,25,4,10,152,68,70,60,54,26200,エギング,FICTIONAL_CONTENT
rod-0058,Shimara,EXSENSEA,251MLF,Eging Standard,2.51,ML,Fast,5,25,4,10,155,68,70,60,56,25400,エギング,FICTIONAL_CONTENT
rod-0059,Shimara,EXSENSEA,261MLF,Eging Standard,2.61,ML,Fast,5,25,4,10,158,68,66,60,59,26200,エギング,FICTIONAL_CONTENT
rod-0060,Shimara,EXSENSEA,271MLF,Eging Standard,2.71,ML,Fast,5,25,4,10,161,68,66,60,61,27000,エギング,FICTIONAL_CONTENT
rod-0061,Shimara,SOLVIA,198MF,Rockfish Light,1.98,M,Fast,3,20,5,12,139,68,70,60,45,27800,ライトロック,FICTIONAL_CONTENT
rod-0062,Shimara,SOLVIA,208MF,Rockfish Light,2.08,M,Fast,3,20,5,12,142,68,70,60,47,27000,ライトロック,FICTIONAL_CONTENT
rod-0063,Shimara,SOLVIA,218MF,Rockfish Light,2.18,M,Fast,3,20,5,12,145,68,70,60,49,26200,ライトロック,FICTIONAL_CONTENT
rod-0064,Shimara,SOLVIA,228MF,Rockfish Light,2.28,M,Fast,3,20,5,12,148,68,70,60,51,27000,ライトロック,FICTIONAL_CONTENT
rod-0065,Shimara,SOLVIA,238MF,Rockfish Light,2.38,M,Fast,3,20,5,12,151,68,70,60,54,27800,ライトロック,FICTIONAL_CONTENT
rod-0066,Shimara,EXSENSEA,216MHF,Rockfish Heavy,2.16,MH,Fast,7,40,8,18,155,68,70,65,49,28700,ロックフィッシュ,FICTIONAL_CONTENT
rod-0067,Shimara,EXSENSEA,226MHF,Rockfish Heavy,2.26,MH,Fast,7,40,8,18,158,68,70,65,51,27900,ロックフィッシュ,FICTIONAL_CONTENT
rod-0068,Shimara,EXSENSEA,236MHF,Rockfish Heavy,2.36,MH,Fast,7,40,8,18,160,68,70,65,53,27100,ロックフィッシュ,FICTIONAL_CONTENT
rod-0069,Shimara,EXSENSEA,246MHF,Rockfish Heavy,2.46,MH,Fast,7,40,8,18,163,68,70,65,55,27900,ロックフィッシュ,FICTIONAL_CONTENT
rod-0070,Shimara,EXSENSEA,256MHF,Rockfish Heavy,2.56,MH,Fast,7,40,8,18,166,68,70,65,58,28700,ロックフィッシュ,FICTIONAL_CONTENT
rod-0071,Shimara,SOLVIA,285MF,Surf,2.85,M,Fast,10,45,8,18,165,68,66,60,69,29500,サーフ,FICTIONAL_CONTENT
rod-0072,Shimara,SOLVIA,295MF,Surf,2.95,M,Fast,10,45,8,18,168,68,66,60,72,28700,サーフ,FICTIONAL_CONTENT
rod-0073,Shimara,SOLVIA,305MF,Surf,3.05,M,Fast,10,45,8,18,170,68,66,60,74,27900,サーフ,FICTIONAL_CONTENT
rod-0074,Shimara,SOLVIA,315MF,Surf,3.15,M,Fast,10,45,8,18,173,68,66,60,77,28700,サーフ,FICTIONAL_CONTENT
rod-0075,Shimara,SOLVIA,325MF,Surf,3.25,M,Fast,10,45,8,18,176,68,66,60,79,29500,サーフ,FICTIONAL_CONTENT
rod-0076,Shimara,EXSENSEA,300MHF,Surf Power,3,MH,Fast,15,60,10,25,179,68,66,65,73,30400,遠投サーフ,FICTIONAL_CONTENT
rod-0077,Shimara,EXSENSEA,310MHF,Surf Power,3.1,MH,Fast,15,60,10,25,182,68,66,65,75,29600,遠投サーフ,FICTIONAL_CONTENT
rod-0078,Shimara,EXSENSEA,320MHF,Surf Power,3.2,MH,Fast,15,60,10,25,185,68,66,65,78,28800,遠投サーフ,FICTIONAL_CONTENT
rod-0079,Shimara,EXSENSEA,330MHF,Surf Power,3.3,MH,Fast,15,60,10,25,188,68,66,65,80,29600,遠投サーフ,FICTIONAL_CONTENT
rod-0080,Shimara,EXSENSEA,340MHF,Surf Power,3.4,MH,Fast,15,60,10,25,191,68,66,65,83,30400,遠投サーフ,FICTIONAL_CONTENT
rod-0081,Shimara,SOLVIA,270MHF,Light Shore Jigging,2.7,MH,Fast,15,60,10,25,170,68,66,65,66,31200,LSJ,FICTIONAL_CONTENT
rod-0082,Shimara,SOLVIA,280MHF,Light Shore Jigging,2.8,MH,Fast,15,60,10,25,173,68,66,65,68,30400,LSJ,FICTIONAL_CONTENT
rod-0083,Shimara,SOLVIA,290MHF,Light Shore Jigging,2.9,MH,Fast,15,60,10,25,176,68,66,65,70,29600,LSJ,FICTIONAL_CONTENT
rod-0084,Shimara,SOLVIA,300MHF,Light Shore Jigging,3,MH,Fast,15,60,10,25,179,68,66,65,73,30400,LSJ,FICTIONAL_CONTENT
rod-0085,Shimara,SOLVIA,310MHF,Light Shore Jigging,3.1,MH,Fast,15,60,10,25,182,68,66,65,75,31200,LSJ,FICTIONAL_CONTENT
rod-0086,Shimara,EXSENSEA,285HM,Shore Jigging,2.85,H,Moderate,30,100,15,35,187,64,66,70,69,32100,ショアジギ,FICTIONAL_CONTENT
rod-0087,Shimara,EXSENSEA,295HM,Shore Jigging,2.95,H,Moderate,30,100,15,35,190,64,66,70,72,31300,ショアジギ,FICTIONAL_CONTENT
rod-0088,Shimara,EXSENSEA,305HM,Shore Jigging,3.05,H,Moderate,30,100,15,35,192,64,66,70,74,30500,ショアジギ,FICTIONAL_CONTENT
rod-0089,Shimara,EXSENSEA,315HM,Shore Jigging,3.15,H,Moderate,30,100,15,35,195,64,66,70,77,31300,ショアジギ,FICTIONAL_CONTENT
rod-0090,Shimara,EXSENSEA,325HM,Shore Jigging,3.25,H,Moderate,30,100,15,35,198,64,66,70,79,32100,ショアジギ,FICTIONAL_CONTENT
rod-0091,Shimara,SOLVIA,300XHM,Heavy Shore Jigging,3,XH,Moderate,50,150,20,45,191,64,66,70,73,32900,大型青物,FICTIONAL_CONTENT
rod-0092,Shimara,SOLVIA,310XHM,Heavy Shore Jigging,3.1,XH,Moderate,50,150,20,45,194,64,66,70,75,32100,大型青物,FICTIONAL_CONTENT
rod-0093,Shimara,SOLVIA,320XHM,Heavy Shore Jigging,3.2,XH,Moderate,50,150,20,45,197,64,66,70,78,31300,大型青物,FICTIONAL_CONTENT
rod-0094,Shimara,SOLVIA,330XHM,Heavy Shore Jigging,3.3,XH,Moderate,50,150,20,45,200,64,66,70,80,32100,大型青物,FICTIONAL_CONTENT
rod-0095,Shimara,SOLVIA,340XHM,Heavy Shore Jigging,3.4,XH,Moderate,50,150,20,45,203,64,66,70,83,32900,大型青物,FICTIONAL_CONTENT
rod-0096,Shimara,EXSENSEA,171MHM,Offshore Light Jig,1.71,MH,Moderate,40,120,12,30,142,64,70,65,38,33800,ライトジギ,FICTIONAL_CONTENT
rod-0097,Shimara,EXSENSEA,181MHM,Offshore Light Jig,1.81,MH,Moderate,40,120,12,30,144,64,70,65,41,33000,ライトジギ,FICTIONAL_CONTENT
rod-0098,Shimara,EXSENSEA,191MHM,Offshore Light Jig,1.91,MH,Moderate,40,120,12,30,147,64,70,65,43,32200,ライトジギ,FICTIONAL_CONTENT
rod-0099,Shimara,EXSENSEA,201MHM,Offshore Light Jig,2.01,MH,Moderate,40,120,12,30,150,64,70,65,45,33000,ライトジギ,FICTIONAL_CONTENT
rod-0100,Shimara,EXSENSEA,211MHM,Offshore Light Jig,2.11,MH,Moderate,40,120,12,30,153,64,70,65,47,33800,ライトジギ,FICTIONAL_CONTENT
rod-0101,Shimara,SOLVIA,163HM,Offshore Jigging,1.63,H,Moderate,80,220,20,50,151,64,70,70,37,34600,オフショアジギ,FICTIONAL_CONTENT
rod-0102,Shimara,SOLVIA,173HM,Offshore Jigging,1.73,H,Moderate,80,220,20,50,154,64,70,70,39,33800,オフショアジギ,FICTIONAL_CONTENT
rod-0103,Shimara,SOLVIA,183HM,Offshore Jigging,1.83,H,Moderate,80,220,20,50,157,64,70,70,41,33000,オフショアジギ,FICTIONAL_CONTENT
rod-0104,Shimara,SOLVIA,193HM,Offshore Jigging,1.93,H,Moderate,80,220,20,50,160,64,70,70,43,33800,オフショアジギ,FICTIONAL_CONTENT
rod-0105,Shimara,SOLVIA,203HM,Offshore Jigging,2.03,H,Moderate,80,220,20,50,163,64,70,70,46,34600,オフショアジギ,FICTIONAL_CONTENT
rod-0106,Shimara,EXSENSEA,219HF,Casting,2.19,H,Fast,30,120,15,40,168,68,70,70,49,35500,オフショアキャスト,FICTIONAL_CONTENT
rod-0107,Shimara,EXSENSEA,229HF,Casting,2.29,H,Fast,30,120,15,40,170,68,70,70,52,34700,オフショアキャスト,FICTIONAL_CONTENT
rod-0108,Shimara,EXSENSEA,239HF,Casting,2.39,H,Fast,30,120,15,40,173,68,70,70,54,33900,オフショアキャスト,FICTIONAL_CONTENT
rod-0109,Shimara,EXSENSEA,249HF,Casting,2.49,H,Fast,30,120,15,40,176,68,70,70,56,34700,オフショアキャスト,FICTIONAL_CONTENT
rod-0110,Shimara,EXSENSEA,259HF,Casting,2.59,H,Fast,30,120,15,40,179,68,70,70,58,35500,オフショアキャスト,FICTIONAL_CONTENT
rod-0111,Shimara,SOLVIA,224XHM,Big Game,2.24,XH,Moderate,60,200,25,60,169,64,70,70,50,36300,大型回遊魚,FICTIONAL_CONTENT
rod-0112,Shimara,SOLVIA,234XHM,Big Game,2.34,XH,Moderate,60,200,25,60,172,64,70,70,53,35500,大型回遊魚,FICTIONAL_CONTENT
rod-0113,Shimara,SOLVIA,244XHM,Big Game,2.44,XH,Moderate,60,200,25,60,175,64,70,70,55,34700,大型回遊魚,FICTIONAL_CONTENT
rod-0114,Shimara,SOLVIA,254XHM,Big Game,2.54,XH,Moderate,60,200,25,60,178,64,70,70,57,35500,大型回遊魚,FICTIONAL_CONTENT
rod-0115,Shimara,SOLVIA,264XHM,Big Game,2.64,XH,Moderate,60,200,25,60,181,64,66,70,59,36300,大型回遊魚,FICTIONAL_CONTENT
rod-0116,Shimara,EXSENSEA,340MM,Bait Fishing,3.4,M,Moderate,3,30,4,12,181,64,66,60,77,37200,餌釣り,FICTIONAL_CONTENT
rod-0117,Shimara,EXSENSEA,350MM,Bait Fishing,3.5,M,Moderate,3,30,4,12,184,64,66,60,79,36400,餌釣り,FICTIONAL_CONTENT
rod-0118,Shimara,EXSENSEA,360MM,Bait Fishing,3.6,M,Moderate,3,30,4,12,186,64,66,60,81,35600,餌釣り,FICTIONAL_CONTENT
rod-0119,Shimara,EXSENSEA,370MM,Bait Fishing,3.7,M,Moderate,3,30,4,12,189,64,66,60,83,36400,餌釣り,FICTIONAL_CONTENT
rod-0120,Shimara,EXSENSEA,380MM,Bait Fishing,3.8,M,Moderate,3,30,4,12,192,64,66,60,86,37200,餌釣り,FICTIONAL_CONTENT
rod-0121,Shimara,SOLVIA,510MM,Float Fishing,5.1,M,Moderate,2,20,3,10,230,64,66,60,100,38000,ウキ/磯,FICTIONAL_CONTENT
rod-0122,Shimara,SOLVIA,520MM,Float Fishing,5.2,M,Moderate,2,20,3,10,233,64,66,60,100,37200,ウキ/磯,FICTIONAL_CONTENT
rod-0123,Shimara,SOLVIA,530MM,Float Fishing,5.3,M,Moderate,2,20,3,10,236,64,66,60,100,36400,ウキ/磯,FICTIONAL_CONTENT
rod-0124,Shimara,SOLVIA,540MM,Float Fishing,5.4,M,Moderate,2,20,3,10,239,64,66,60,100,37200,ウキ/磯,FICTIONAL_CONTENT
rod-0125,Shimara,SOLVIA,550MM,Float Fishing,5.5,M,Moderate,2,20,3,10,242,64,66,60,100,38000,ウキ/磯,FICTIONAL_CONTENT
rod-0126,Shimara,EXSENSEA,250MHM,Bottom Fishing,2.5,MH,Moderate,15,80,10,30,165,64,70,65,56,38900,投げ/底,FICTIONAL_CONTENT
rod-0127,Shimara,EXSENSEA,260MHM,Bottom Fishing,2.6,MH,Moderate,15,80,10,30,167,64,66,65,59,38100,投げ/底,FICTIONAL_CONTENT
rod-0128,Shimara,EXSENSEA,270MHM,Bottom Fishing,2.7,MH,Moderate,15,80,10,30,170,64,66,65,61,37300,投げ/底,FICTIONAL_CONTENT
rod-0129,Shimara,EXSENSEA,280MHM,Bottom Fishing,2.8,MH,Moderate,15,80,10,30,173,64,66,65,63,38100,投げ/底,FICTIONAL_CONTENT
rod-0130,Shimara,EXSENSEA,290MHM,Bottom Fishing,2.9,MH,Moderate,15,80,10,30,176,64,66,65,65,38900,投げ/底,FICTIONAL_CONTENT
rod-0131,Shimara,SOLVIA,190MHM,Boat Bait,1.9,MH,Moderate,20,80,10,30,147,64,70,65,43,39700,船餌,FICTIONAL_CONTENT
rod-0132,Shimara,SOLVIA,200MHM,Boat Bait,2,MH,Moderate,20,80,10,30,150,64,70,65,45,38900,船餌,FICTIONAL_CONTENT
rod-0133,Shimara,SOLVIA,210MHM,Boat Bait,2.1,MH,Moderate,20,80,10,30,153,64,70,65,47,38100,船餌,FICTIONAL_CONTENT
rod-0134,Shimara,SOLVIA,220MHM,Boat Bait,2.2,MH,Moderate,20,80,10,30,156,64,70,65,50,38900,船餌,FICTIONAL_CONTENT
rod-0135,Shimara,SOLVIA,230MHM,Boat Bait,2.3,MH,Moderate,20,80,10,30,159,64,70,65,52,39700,船餌,FICTIONAL_CONTENT
rod-0136,Shimara,EXSENSEA,163ULS,Area Trout,1.63,UL,Slow,0.5,5,1,4,129,61,70,60,37,40600,管理釣り場,FICTIONAL_CONTENT
rod-0137,Shimara,EXSENSEA,173ULS,Area Trout,1.73,UL,Slow,0.5,5,1,4,132,61,70,60,39,39800,管理釣り場,FICTIONAL_CONTENT
rod-0138,Shimara,EXSENSEA,183ULS,Area Trout,1.83,UL,Slow,0.5,5,1,4,135,61,70,60,41,39000,管理釣り場,FICTIONAL_CONTENT
rod-0139,Shimara,EXSENSEA,193ULS,Area Trout,1.93,UL,Slow,0.5,5,1,4,138,61,70,60,43,39800,管理釣り場,FICTIONAL_CONTENT
rod-0140,Shimara,EXSENSEA,203ULS,Area Trout,2.03,UL,Slow,0.5,5,1,4,141,61,70,60,46,40600,管理釣り場,FICTIONAL_CONTENT
rod-0141,Daiva,LUNEX,183ULF,Ajing,1.83,UL,Fast,0.5,5,1.5,4,127,71,71,58,41,17600,軽量ジグ/アジ,FICTIONAL_CONTENT
rod-0142,Daiva,LUNEX,193ULF,Ajing,1.93,UL,Fast,0.5,5,1.5,4,130,71,71,58,43,16800,軽量ジグ/アジ,FICTIONAL_CONTENT
rod-0143,Daiva,LUNEX,203ULF,Ajing,2.03,UL,Fast,0.5,5,1.5,4,132,71,71,58,46,16000,軽量ジグ/アジ,FICTIONAL_CONTENT
rod-0144,Daiva,LUNEX,213ULF,Ajing,2.13,UL,Fast,0.5,5,1.5,4,135,71,71,58,48,16800,軽量ジグ/アジ,FICTIONAL_CONTENT
rod-0145,Daiva,LUNEX,223ULF,Ajing,2.23,UL,Fast,0.5,5,1.5,4,138,71,71,58,50,17600,軽量ジグ/アジ,FICTIONAL_CONTENT
rod-0146,Daiva,MOREVIA,209LF,Mebaring,2.09,L,Fast,1,8,2,5,134,71,71,58,47,18500,メバル/ライト,FICTIONAL_CONTENT
rod-0147,Daiva,MOREVIA,219LF,Mebaring,2.19,L,Fast,1,8,2,5,137,71,71,58,49,17700,メバル/ライト,FICTIONAL_CONTENT
rod-0148,Daiva,MOREVIA,229LF,Mebaring,2.29,L,Fast,1,8,2,5,140,71,71,58,52,16900,メバル/ライト,FICTIONAL_CONTENT
rod-0149,Daiva,MOREVIA,239LF,Mebaring,2.39,L,Fast,1,8,2,5,142,71,71,58,54,17700,メバル/ライト,FICTIONAL_CONTENT
rod-0150,Daiva,MOREVIA,249LF,Mebaring,2.49,L,Fast,1,8,2,5,145,71,71,58,56,18500,メバル/ライト,FICTIONAL_CONTENT
rod-0151,Daiva,LUNEX,155ULM,Trout Stream,1.55,UL,Moderate,1,7,1.5,4,119,66,71,58,35,19300,渓流,FICTIONAL_CONTENT
rod-0152,Daiva,LUNEX,165ULM,Trout Stream,1.65,UL,Moderate,1,7,1.5,4,122,66,71,58,37,18500,渓流,FICTIONAL_CONTENT
rod-0153,Daiva,LUNEX,175ULM,Trout Stream,1.75,UL,Moderate,1,7,1.5,4,125,66,71,58,39,17700,渓流,FICTIONAL_CONTENT
rod-0154,Daiva,LUNEX,185ULM,Trout Stream,1.85,UL,Moderate,1,7,1.5,4,128,66,71,58,42,18500,渓流,FICTIONAL_CONTENT
rod-0155,Daiva,LUNEX,195ULM,Trout Stream,1.95,UL,Moderate,1,7,1.5,4,130,66,71,58,44,19300,渓流,FICTIONAL_CONTENT
rod-0156,Daiva,MOREVIA,193LM,Trout Lake,1.93,L,Moderate,2,12,2,6,130,66,71,58,43,20200,湖トラウト,FICTIONAL_CONTENT
rod-0157,Daiva,MOREVIA,203LM,Trout Lake,2.03,L,Moderate,2,12,2,6,132,66,71,58,46,19400,湖トラウト,FICTIONAL_CONTENT
rod-0158,Daiva,MOREVIA,213LM,Trout Lake,2.13,L,Moderate,2,12,2,6,135,66,71,58,48,18600,湖トラウト,FICTIONAL_CONTENT
rod-0159,Daiva,MOREVIA,223LM,Trout Lake,2.23,L,Moderate,2,12,2,6,138,66,71,58,50,19400,湖トラウト,FICTIONAL_CONTENT
rod-0160,Daiva,MOREVIA,233LM,Trout Lake,2.33,L,Moderate,2,12,2,6,141,66,71,58,52,20200,湖トラウト,FICTIONAL_CONTENT
rod-0161,Daiva,LUNEX,188MLF,Bass Finesse,1.88,ML,Fast,2,12,3,8,128,71,71,58,42,21000,バス/フィネス,FICTIONAL_CONTENT
rod-0162,Daiva,LUNEX,198MLF,Bass Finesse,1.98,ML,Fast,2,12,3,8,131,71,71,58,45,20200,バス/フィネス,FICTIONAL_CONTENT
rod-0163,Daiva,LUNEX,208MLF,Bass Finesse,2.08,ML,Fast,2,12,3,8,134,71,71,58,47,19400,バス/フィネス,FICTIONAL_CONTENT
rod-0164,Daiva,LUNEX,218MLF,Bass Finesse,2.18,ML,Fast,2,12,3,8,137,71,71,58,49,20200,バス/フィネス,FICTIONAL_CONTENT
rod-0165,Daiva,LUNEX,228MLF,Bass Finesse,2.28,ML,Fast,2,12,3,8,139,71,71,58,51,21000,バス/フィネス,FICTIONAL_CONTENT
rod-0166,Daiva,MOREVIA,193MHF,Bass Power,1.93,MH,Fast,7,28,6,14,139,71,71,62,43,21900,バス/カバー,FICTIONAL_CONTENT
rod-0167,Daiva,MOREVIA,203MHF,Bass Power,2.03,MH,Fast,7,28,6,14,142,71,71,62,46,21100,バス/カバー,FICTIONAL_CONTENT
rod-0168,Daiva,MOREVIA,213MHF,Bass Power,2.13,MH,Fast,7,28,6,14,145,71,71,62,48,20300,バス/カバー,FICTIONAL_CONTENT
rod-0169,Daiva,MOREVIA,223MHF,Bass Power,2.23,MH,Fast,7,28,6,14,147,71,71,62,50,21100,バス/カバー,FICTIONAL_CONTENT
rod-0170,Daiva,MOREVIA,233MHF,Bass Power,2.33,MH,Fast,7,28,6,14,150,71,71,62,52,21900,バス/カバー,FICTIONAL_CONTENT
rod-0171,Daiva,LUNEX,214MLF,Chinning,2.14,ML,Fast,3,18,4,10,135,71,71,58,48,22700,チニング,FICTIONAL_CONTENT
rod-0172,Daiva,LUNEX,224MLF,Chinning,2.24,ML,Fast,3,18,4,10,138,71,71,58,50,21900,チニング,FICTIONAL_CONTENT
rod-0173,Daiva,LUNEX,234MLF,Chinning,2.34,ML,Fast,3,18,4,10,141,71,71,58,53,21100,チニング,FICTIONAL_CONTENT
rod-0174,Daiva,LUNEX,244MLF,Chinning,2.44,ML,Fast,3,18,4,10,144,71,71,58,55,21900,チニング,FICTIONAL_CONTENT
rod-0175,Daiva,LUNEX,254MLF,Chinning,2.54,ML,Fast,3,18,4,10,146,71,71,58,57,22700,チニング,FICTIONAL_CONTENT
rod-0176,Daiva,MOREVIA,239MLF,Seabass Short,2.39,ML,Fast,5,28,5,12,142,71,71,58,54,23600,港湾シーバス,FICTIONAL_CONTENT
rod-0177,Daiva,MOREVIA,249MLF,Seabass Short,2.49,ML,Fast,5,28,5,12,145,71,71,58,56,22800,港湾シーバス,FICTIONAL_CONTENT
rod-0178,Daiva,MOREVIA,259MLF,Seabass Short,2.59,ML,Fast,5,28,5,12,148,71,71,58,58,22000,港湾シーバス,FICTIONAL_CONTENT
rod-0179,Daiva,MOREVIA,269MLF,Seabass Short,2.69,ML,Fast,5,28,5,12,150,71,67,58,61,22800,港湾シーバス,FICTIONAL_CONTENT
rod-0180,Daiva,MOREVIA,279MLF,Seabass Short,2.79,ML,Fast,5,28,5,12,153,71,67,58,63,23600,港湾シーバス,FICTIONAL_CONTENT
rod-0181,Daiva,LUNEX,254MF,Seabass Standard,2.54,M,Fast,7,35,6,14,146,71,71,58,57,24400,河川/湾岸シーバス,FICTIONAL_CONTENT
rod-0182,Daiva,LUNEX,264MF,Seabass Standard,2.64,M,Fast,7,35,6,14,149,71,67,58,59,23600,河川/湾岸シーバス,FICTIONAL_CONTENT
rod-0183,Daiva,LUNEX,274MF,Seabass Standard,2.74,M,Fast,7,35,6,14,152,71,67,58,62,22800,河川/湾岸シーバス,FICTIONAL_CONTENT
rod-0184,Daiva,LUNEX,284MF,Seabass Standard,2.84,M,Fast,7,35,6,14,154,71,67,58,64,23600,河川/湾岸シーバス,FICTIONAL_CONTENT
rod-0185,Daiva,LUNEX,294MF,Seabass Standard,2.94,M,Fast,7,35,6,14,157,71,67,58,66,24400,河川/湾岸シーバス,FICTIONAL_CONTENT
rod-0186,Daiva,MOREVIA,270MF,Seabass Long,2.7,M,Fast,10,45,7,16,151,71,67,58,61,25300,大河川/遠投,FICTIONAL_CONTENT
rod-0187,Daiva,MOREVIA,280MF,Seabass Long,2.8,M,Fast,10,45,7,16,153,71,67,58,63,24500,大河川/遠投,FICTIONAL_CONTENT
rod-0188,Daiva,MOREVIA,290MF,Seabass Long,2.9,M,Fast,10,45,7,16,156,71,67,58,65,23700,大河川/遠投,FICTIONAL_CONTENT
rod-0189,Daiva,MOREVIA,300MF,Seabass Long,3,M,Fast,10,45,7,16,159,71,67,58,68,24500,大河川/遠投,FICTIONAL_CONTENT
rod-0190,Daiva,MOREVIA,310MF,Seabass Long,3.1,M,Fast,10,45,7,16,162,71,67,58,70,25300,大河川/遠投,FICTIONAL_CONTENT
rod-0191,Daiva,LUNEX,224LF,Eging Light,2.24,L,Fast,3,18,3,8,138,71,71,58,50,26100,ライトエギ,FICTIONAL_CONTENT
rod-0192,Daiva,LUNEX,234LF,Eging Light,2.34,L,Fast,3,18,3,8,141,71,71,58,53,25300,ライトエギ,FICTIONAL_CONTENT
rod-0193,Daiva,LUNEX,244LF,Eging Light,2.44,L,Fast,3,18,3,8,144,71,71,58,55,24500,ライトエギ,FICTIONAL_CONTENT
rod-0194,Daiva,LUNEX,254LF,Eging Light,2.54,L,Fast,3,18,3,8,146,71,71,58,57,25300,ライトエギ,FICTIONAL_CONTENT
rod-0195,Daiva,LUNEX,264LF,Eging Light,2.64,L,Fast,3,18,3,8,149,71,67,58,59,26100,ライトエギ,FICTIONAL_CONTENT
rod-0196,Daiva,MOREVIA,231MLF,Eging Standard,2.31,ML,Fast,5,25,4,10,140,71,71,58,52,27000,エギング,FICTIONAL_CONTENT
rod-0197,Daiva,MOREVIA,241MLF,Eging Standard,2.41,ML,Fast,5,25,4,10,143,71,71,58,54,26200,エギング,FICTIONAL_CONTENT
rod-0198,Daiva,MOREVIA,251MLF,Eging Standard,2.51,ML,Fast,5,25,4,10,146,71,71,58,56,25400,エギング,FICTIONAL_CONTENT
rod-0199,Daiva,MOREVIA,261MLF,Eging Standard,2.61,ML,Fast,5,25,4,10,148,71,67,58,59,26200,エギング,FICTIONAL_CONTENT
rod-0200,Daiva,MOREVIA,271MLF,Eging Standard,2.71,ML,Fast,5,25,4,10,151,71,67,58,61,27000,エギング,FICTIONAL_CONTENT
rod-0201,Daiva,LUNEX,198MF,Rockfish Light,1.98,M,Fast,3,20,5,12,131,71,71,58,45,27800,ライトロック,FICTIONAL_CONTENT
rod-0202,Daiva,LUNEX,208MF,Rockfish Light,2.08,M,Fast,3,20,5,12,134,71,71,58,47,27000,ライトロック,FICTIONAL_CONTENT
rod-0203,Daiva,LUNEX,218MF,Rockfish Light,2.18,M,Fast,3,20,5,12,137,71,71,58,49,26200,ライトロック,FICTIONAL_CONTENT
rod-0204,Daiva,LUNEX,228MF,Rockfish Light,2.28,M,Fast,3,20,5,12,139,71,71,58,51,27000,ライトロック,FICTIONAL_CONTENT
rod-0205,Daiva,LUNEX,238MF,Rockfish Light,2.38,M,Fast,3,20,5,12,142,71,71,58,54,27800,ライトロック,FICTIONAL_CONTENT
rod-0206,Daiva,MOREVIA,216MHF,Rockfish Heavy,2.16,MH,Fast,7,40,8,18,145,71,71,62,49,28700,ロックフィッシュ,FICTIONAL_CONTENT
rod-0207,Daiva,MOREVIA,226MHF,Rockfish Heavy,2.26,MH,Fast,7,40,8,18,148,71,71,62,51,27900,ロックフィッシュ,FICTIONAL_CONTENT
rod-0208,Daiva,MOREVIA,236MHF,Rockfish Heavy,2.36,MH,Fast,7,40,8,18,151,71,71,62,53,27100,ロックフィッシュ,FICTIONAL_CONTENT
rod-0209,Daiva,MOREVIA,246MHF,Rockfish Heavy,2.46,MH,Fast,7,40,8,18,154,71,71,62,55,27900,ロックフィッシュ,FICTIONAL_CONTENT
rod-0210,Daiva,MOREVIA,256MHF,Rockfish Heavy,2.56,MH,Fast,7,40,8,18,156,71,71,62,58,28700,ロックフィッシュ,FICTIONAL_CONTENT
rod-0211,Daiva,LUNEX,285MF,Surf,2.85,M,Fast,10,45,8,18,155,71,67,58,69,29500,サーフ,FICTIONAL_CONTENT
rod-0212,Daiva,LUNEX,295MF,Surf,2.95,M,Fast,10,45,8,18,157,71,67,58,72,28700,サーフ,FICTIONAL_CONTENT
rod-0213,Daiva,LUNEX,305MF,Surf,3.05,M,Fast,10,45,8,18,160,71,67,58,74,27900,サーフ,FICTIONAL_CONTENT
rod-0214,Daiva,LUNEX,315MF,Surf,3.15,M,Fast,10,45,8,18,163,71,67,58,77,28700,サーフ,FICTIONAL_CONTENT
rod-0215,Daiva,LUNEX,325MF,Surf,3.25,M,Fast,10,45,8,18,166,71,67,58,79,29500,サーフ,FICTIONAL_CONTENT
rod-0216,Daiva,MOREVIA,300MHF,Surf Power,3,MH,Fast,15,60,10,25,168,71,67,62,73,30400,遠投サーフ,FICTIONAL_CONTENT
rod-0217,Daiva,MOREVIA,310MHF,Surf Power,3.1,MH,Fast,15,60,10,25,171,71,67,62,75,29600,遠投サーフ,FICTIONAL_CONTENT
rod-0218,Daiva,MOREVIA,320MHF,Surf Power,3.2,MH,Fast,15,60,10,25,174,71,67,62,78,28800,遠投サーフ,FICTIONAL_CONTENT
rod-0219,Daiva,MOREVIA,330MHF,Surf Power,3.3,MH,Fast,15,60,10,25,176,71,67,62,80,29600,遠投サーフ,FICTIONAL_CONTENT
rod-0220,Daiva,MOREVIA,340MHF,Surf Power,3.4,MH,Fast,15,60,10,25,179,71,67,62,83,30400,遠投サーフ,FICTIONAL_CONTENT
rod-0221,Daiva,LUNEX,270MHF,Light Shore Jigging,2.7,MH,Fast,15,60,10,25,160,71,67,62,66,31200,LSJ,FICTIONAL_CONTENT
rod-0222,Daiva,LUNEX,280MHF,Light Shore Jigging,2.8,MH,Fast,15,60,10,25,163,71,67,62,68,30400,LSJ,FICTIONAL_CONTENT
rod-0223,Daiva,LUNEX,290MHF,Light Shore Jigging,2.9,MH,Fast,15,60,10,25,166,71,67,62,70,29600,LSJ,FICTIONAL_CONTENT
rod-0224,Daiva,LUNEX,300MHF,Light Shore Jigging,3,MH,Fast,15,60,10,25,168,71,67,62,73,30400,LSJ,FICTIONAL_CONTENT
rod-0225,Daiva,LUNEX,310MHF,Light Shore Jigging,3.1,MH,Fast,15,60,10,25,171,71,67,62,75,31200,LSJ,FICTIONAL_CONTENT
rod-0226,Daiva,MOREVIA,285HM,Shore Jigging,2.85,H,Moderate,30,100,15,35,175,66,67,67,69,32100,ショアジギ,FICTIONAL_CONTENT
rod-0227,Daiva,MOREVIA,295HM,Shore Jigging,2.95,H,Moderate,30,100,15,35,178,66,67,67,72,31300,ショアジギ,FICTIONAL_CONTENT
rod-0228,Daiva,MOREVIA,305HM,Shore Jigging,3.05,H,Moderate,30,100,15,35,181,66,67,67,74,30500,ショアジギ,FICTIONAL_CONTENT
rod-0229,Daiva,MOREVIA,315HM,Shore Jigging,3.15,H,Moderate,30,100,15,35,184,66,67,67,77,31300,ショアジギ,FICTIONAL_CONTENT
rod-0230,Daiva,MOREVIA,325HM,Shore Jigging,3.25,H,Moderate,30,100,15,35,186,66,67,67,79,32100,ショアジギ,FICTIONAL_CONTENT
rod-0231,Daiva,LUNEX,300XHM,Heavy Shore Jigging,3,XH,Moderate,50,150,20,45,180,66,67,67,73,32900,大型青物,FICTIONAL_CONTENT
rod-0232,Daiva,LUNEX,310XHM,Heavy Shore Jigging,3.1,XH,Moderate,50,150,20,45,182,66,67,67,75,32100,大型青物,FICTIONAL_CONTENT
rod-0233,Daiva,LUNEX,320XHM,Heavy Shore Jigging,3.2,XH,Moderate,50,150,20,45,185,66,67,67,78,31300,大型青物,FICTIONAL_CONTENT
rod-0234,Daiva,LUNEX,330XHM,Heavy Shore Jigging,3.3,XH,Moderate,50,150,20,45,188,66,67,67,80,32100,大型青物,FICTIONAL_CONTENT
rod-0235,Daiva,LUNEX,340XHM,Heavy Shore Jigging,3.4,XH,Moderate,50,150,20,45,190,66,67,67,83,32900,大型青物,FICTIONAL_CONTENT
rod-0236,Daiva,MOREVIA,171MHM,Offshore Light Jig,1.71,MH,Moderate,40,120,12,30,133,66,71,62,38,33800,ライトジギ,FICTIONAL_CONTENT
rod-0237,Daiva,MOREVIA,181MHM,Offshore Light Jig,1.81,MH,Moderate,40,120,12,30,136,66,71,62,41,33000,ライトジギ,FICTIONAL_CONTENT
rod-0238,Daiva,MOREVIA,191MHM,Offshore Light Jig,1.91,MH,Moderate,40,120,12,30,139,66,71,62,43,32200,ライトジギ,FICTIONAL_CONTENT
rod-0239,Daiva,MOREVIA,201MHM,Offshore Light Jig,2.01,MH,Moderate,40,120,12,30,141,66,71,62,45,33000,ライトジギ,FICTIONAL_CONTENT
rod-0240,Daiva,MOREVIA,211MHM,Offshore Light Jig,2.11,MH,Moderate,40,120,12,30,144,66,71,62,47,33800,ライトジギ,FICTIONAL_CONTENT
rod-0241,Daiva,LUNEX,163HM,Offshore Jigging,1.63,H,Moderate,80,220,20,50,142,66,71,67,37,34600,オフショアジギ,FICTIONAL_CONTENT
rod-0242,Daiva,LUNEX,173HM,Offshore Jigging,1.73,H,Moderate,80,220,20,50,145,66,71,67,39,33800,オフショアジギ,FICTIONAL_CONTENT
rod-0243,Daiva,LUNEX,183HM,Offshore Jigging,1.83,H,Moderate,80,220,20,50,148,66,71,67,41,33000,オフショアジギ,FICTIONAL_CONTENT
rod-0244,Daiva,LUNEX,193HM,Offshore Jigging,1.93,H,Moderate,80,220,20,50,150,66,71,67,43,33800,オフショアジギ,FICTIONAL_CONTENT
rod-0245,Daiva,LUNEX,203HM,Offshore Jigging,2.03,H,Moderate,80,220,20,50,153,66,71,67,46,34600,オフショアジギ,FICTIONAL_CONTENT
rod-0246,Daiva,MOREVIA,219HF,Casting,2.19,H,Fast,30,120,15,40,157,71,71,67,49,35500,オフショアキャスト,FICTIONAL_CONTENT
rod-0247,Daiva,MOREVIA,229HF,Casting,2.29,H,Fast,30,120,15,40,160,71,71,67,52,34700,オフショアキャスト,FICTIONAL_CONTENT
rod-0248,Daiva,MOREVIA,239HF,Casting,2.39,H,Fast,30,120,15,40,163,71,71,67,54,33900,オフショアキャスト,FICTIONAL_CONTENT
rod-0249,Daiva,MOREVIA,249HF,Casting,2.49,H,Fast,30,120,15,40,166,71,71,67,56,34700,オフショアキャスト,FICTIONAL_CONTENT
rod-0250,Daiva,MOREVIA,259HF,Casting,2.59,H,Fast,30,120,15,40,168,71,71,67,58,35500,オフショアキャスト,FICTIONAL_CONTENT
rod-0251,Daiva,LUNEX,224XHM,Big Game,2.24,XH,Moderate,60,200,25,60,159,66,71,67,50,36300,大型回遊魚,FICTIONAL_CONTENT
rod-0252,Daiva,LUNEX,234XHM,Big Game,2.34,XH,Moderate,60,200,25,60,162,66,71,67,53,35500,大型回遊魚,FICTIONAL_CONTENT
rod-0253,Daiva,LUNEX,244XHM,Big Game,2.44,XH,Moderate,60,200,25,60,164,66,71,67,55,34700,大型回遊魚,FICTIONAL_CONTENT
rod-0254,Daiva,LUNEX,254XHM,Big Game,2.54,XH,Moderate,60,200,25,60,167,66,71,67,57,35500,大型回遊魚,FICTIONAL_CONTENT
rod-0255,Daiva,LUNEX,264XHM,Big Game,2.64,XH,Moderate,60,200,25,60,170,66,67,67,59,36300,大型回遊魚,FICTIONAL_CONTENT
rod-0256,Daiva,MOREVIA,340MM,Bait Fishing,3.4,M,Moderate,3,30,4,12,170,66,67,58,77,37200,餌釣り,FICTIONAL_CONTENT
rod-0257,Daiva,MOREVIA,350MM,Bait Fishing,3.5,M,Moderate,3,30,4,12,172,66,67,58,79,36400,餌釣り,FICTIONAL_CONTENT
rod-0258,Daiva,MOREVIA,360MM,Bait Fishing,3.6,M,Moderate,3,30,4,12,175,66,67,58,81,35600,餌釣り,FICTIONAL_CONTENT
rod-0259,Daiva,MOREVIA,370MM,Bait Fishing,3.7,M,Moderate,3,30,4,12,178,66,67,58,83,36400,餌釣り,FICTIONAL_CONTENT
rod-0260,Daiva,MOREVIA,380MM,Bait Fishing,3.8,M,Moderate,3,30,4,12,181,66,67,58,86,37200,餌釣り,FICTIONAL_CONTENT
rod-0261,Daiva,LUNEX,510MM,Float Fishing,5.1,M,Moderate,2,20,3,10,216,66,67,58,100,38000,ウキ/磯,FICTIONAL_CONTENT
rod-0262,Daiva,LUNEX,520MM,Float Fishing,5.2,M,Moderate,2,20,3,10,219,66,67,58,100,37200,ウキ/磯,FICTIONAL_CONTENT
rod-0263,Daiva,LUNEX,530MM,Float Fishing,5.3,M,Moderate,2,20,3,10,222,66,67,58,100,36400,ウキ/磯,FICTIONAL_CONTENT
rod-0264,Daiva,LUNEX,540MM,Float Fishing,5.4,M,Moderate,2,20,3,10,224,66,67,58,100,37200,ウキ/磯,FICTIONAL_CONTENT
rod-0265,Daiva,LUNEX,550MM,Float Fishing,5.5,M,Moderate,2,20,3,10,227,66,67,58,100,38000,ウキ/磯,FICTIONAL_CONTENT
rod-0266,Daiva,MOREVIA,250MHM,Bottom Fishing,2.5,MH,Moderate,15,80,10,30,155,66,71,62,56,38900,投げ/底,FICTIONAL_CONTENT
rod-0267,Daiva,MOREVIA,260MHM,Bottom Fishing,2.6,MH,Moderate,15,80,10,30,157,66,67,62,59,38100,投げ/底,FICTIONAL_CONTENT
rod-0268,Daiva,MOREVIA,270MHM,Bottom Fishing,2.7,MH,Moderate,15,80,10,30,160,66,67,62,61,37300,投げ/底,FICTIONAL_CONTENT
rod-0269,Daiva,MOREVIA,280MHM,Bottom Fishing,2.8,MH,Moderate,15,80,10,30,163,66,67,62,63,38100,投げ/底,FICTIONAL_CONTENT
rod-0270,Daiva,MOREVIA,290MHM,Bottom Fishing,2.9,MH,Moderate,15,80,10,30,166,66,67,62,65,38900,投げ/底,FICTIONAL_CONTENT
rod-0271,Daiva,LUNEX,190MHM,Boat Bait,1.9,MH,Moderate,20,80,10,30,138,66,71,62,43,39700,船餌,FICTIONAL_CONTENT
rod-0272,Daiva,LUNEX,200MHM,Boat Bait,2,MH,Moderate,20,80,10,30,141,66,71,62,45,38900,船餌,FICTIONAL_CONTENT
rod-0273,Daiva,LUNEX,210MHM,Boat Bait,2.1,MH,Moderate,20,80,10,30,144,66,71,62,47,38100,船餌,FICTIONAL_CONTENT
rod-0274,Daiva,LUNEX,220MHM,Boat Bait,2.2,MH,Moderate,20,80,10,30,146,66,71,62,50,38900,船餌,FICTIONAL_CONTENT
rod-0275,Daiva,LUNEX,230MHM,Boat Bait,2.3,MH,Moderate,20,80,10,30,149,66,71,62,52,39700,船餌,FICTIONAL_CONTENT
rod-0276,Daiva,MOREVIA,163ULS,Area Trout,1.63,UL,Slow,0.5,5,1,4,122,63,71,58,37,40600,管理釣り場,FICTIONAL_CONTENT
rod-0277,Daiva,MOREVIA,173ULS,Area Trout,1.73,UL,Slow,0.5,5,1,4,124,63,71,58,39,39800,管理釣り場,FICTIONAL_CONTENT
rod-0278,Daiva,MOREVIA,183ULS,Area Trout,1.83,UL,Slow,0.5,5,1,4,127,63,71,58,41,39000,管理釣り場,FICTIONAL_CONTENT
rod-0279,Daiva,MOREVIA,193ULS,Area Trout,1.93,UL,Slow,0.5,5,1,4,130,63,71,58,43,39800,管理釣り場,FICTIONAL_CONTENT
rod-0280,Daiva,MOREVIA,203ULS,Area Trout,2.03,UL,Slow,0.5,5,1,4,132,63,71,58,46,40600,管理釣り場,FICTIONAL_CONTENT
rod-0281,Arvo Garsen,POWERCREST,193MHF,Bass Power,1.93,MH,Fast,7,28,6,14,163,63,61,70,43,20900,バス/カバー,FICTIONAL_CONTENT
rod-0282,Arvo Garsen,POWERCREST,203MHF,Bass Power,2.03,MH,Fast,7,28,6,14,166,63,61,70,46,20100,バス/カバー,FICTIONAL_CONTENT
rod-0283,Arvo Garsen,POWERCREST,213MHF,Bass Power,2.13,MH,Fast,7,28,6,14,169,63,61,70,48,19300,バス/カバー,FICTIONAL_CONTENT
rod-0284,Arvo Garsen,POWERCREST,223MHF,Bass Power,2.23,MH,Fast,7,28,6,14,172,63,61,70,50,20100,バス/カバー,FICTIONAL_CONTENT
rod-0285,Arvo Garsen,POWERCREST,233MHF,Bass Power,2.33,MH,Fast,7,28,6,14,176,63,61,70,52,20900,バス/カバー,FICTIONAL_CONTENT
rod-0286,Arvo Garsen,POWERCREST,216MHF,Rockfish Heavy,2.16,MH,Fast,7,40,8,18,170,63,61,70,49,27700,ロックフィッシュ,FICTIONAL_CONTENT
rod-0287,Arvo Garsen,POWERCREST,226MHF,Rockfish Heavy,2.26,MH,Fast,7,40,8,18,173,63,61,70,51,26900,ロックフィッシュ,FICTIONAL_CONTENT
rod-0288,Arvo Garsen,POWERCREST,236MHF,Rockfish Heavy,2.36,MH,Fast,7,40,8,18,176,63,61,70,53,26100,ロックフィッシュ,FICTIONAL_CONTENT
rod-0289,Arvo Garsen,POWERCREST,246MHF,Rockfish Heavy,2.46,MH,Fast,7,40,8,18,180,63,61,70,55,26900,ロックフィッシュ,FICTIONAL_CONTENT
rod-0290,Arvo Garsen,POWERCREST,256MHF,Rockfish Heavy,2.56,MH,Fast,7,40,8,18,183,63,61,70,58,27700,ロックフィッシュ,FICTIONAL_CONTENT
rod-0291,Arvo Garsen,VERITAS-X,270MHF,Light Shore Jigging,2.7,MH,Fast,15,60,10,25,187,63,57,70,66,30200,LSJ,FICTIONAL_CONTENT
rod-0292,Arvo Garsen,VERITAS-X,280MHF,Light Shore Jigging,2.8,MH,Fast,15,60,10,25,191,63,57,70,68,29400,LSJ,FICTIONAL_CONTENT
rod-0293,Arvo Garsen,VERITAS-X,290MHF,Light Shore Jigging,2.9,MH,Fast,15,60,10,25,194,63,57,70,70,28600,LSJ,FICTIONAL_CONTENT
rod-0294,Arvo Garsen,VERITAS-X,300MHF,Light Shore Jigging,3,MH,Fast,15,60,10,25,197,63,57,70,73,29400,LSJ,FICTIONAL_CONTENT
rod-0295,Arvo Garsen,VERITAS-X,310MHF,Light Shore Jigging,3.1,MH,Fast,15,60,10,25,200,63,57,70,75,30200,LSJ,FICTIONAL_CONTENT
rod-0296,Arvo Garsen,POWERCREST,285HM,Shore Jigging,2.85,H,Moderate,30,100,15,35,205,59,57,75,69,31100,ショアジギ,FICTIONAL_CONTENT
rod-0297,Arvo Garsen,POWERCREST,295HM,Shore Jigging,2.95,H,Moderate,30,100,15,35,209,59,57,75,72,30300,ショアジギ,FICTIONAL_CONTENT
rod-0298,Arvo Garsen,POWERCREST,305HM,Shore Jigging,3.05,H,Moderate,30,100,15,35,212,59,57,75,74,29500,ショアジギ,FICTIONAL_CONTENT
rod-0299,Arvo Garsen,POWERCREST,315HM,Shore Jigging,3.15,H,Moderate,30,100,15,35,215,59,57,75,77,30300,ショアジギ,FICTIONAL_CONTENT
rod-0300,Arvo Garsen,POWERCREST,325HM,Shore Jigging,3.25,H,Moderate,30,100,15,35,218,59,57,75,79,31100,ショアジギ,FICTIONAL_CONTENT
rod-0301,Arvo Garsen,VERITAS-X,300XHM,Heavy Shore Jigging,3,XH,Moderate,50,150,20,45,210,59,57,75,73,31900,大型青物,FICTIONAL_CONTENT
rod-0302,Arvo Garsen,VERITAS-X,310XHM,Heavy Shore Jigging,3.1,XH,Moderate,50,150,20,45,213,59,57,75,75,31100,大型青物,FICTIONAL_CONTENT
rod-0303,Arvo Garsen,VERITAS-X,320XHM,Heavy Shore Jigging,3.2,XH,Moderate,50,150,20,45,216,59,57,75,78,30300,大型青物,FICTIONAL_CONTENT
rod-0304,Arvo Garsen,VERITAS-X,330XHM,Heavy Shore Jigging,3.3,XH,Moderate,50,150,20,45,220,59,57,75,80,31100,大型青物,FICTIONAL_CONTENT
rod-0305,Arvo Garsen,VERITAS-X,340XHM,Heavy Shore Jigging,3.4,XH,Moderate,50,150,20,45,223,59,57,75,83,31900,大型青物,FICTIONAL_CONTENT
rod-0306,Arvo Garsen,POWERCREST,171MHM,Offshore Light Jig,1.71,MH,Moderate,40,120,12,30,156,59,61,70,38,32800,ライトジギ,FICTIONAL_CONTENT
rod-0307,Arvo Garsen,POWERCREST,181MHM,Offshore Light Jig,1.81,MH,Moderate,40,120,12,30,159,59,61,70,41,32000,ライトジギ,FICTIONAL_CONTENT
rod-0308,Arvo Garsen,POWERCREST,191MHM,Offshore Light Jig,1.91,MH,Moderate,40,120,12,30,162,59,61,70,43,31200,ライトジギ,FICTIONAL_CONTENT
rod-0309,Arvo Garsen,POWERCREST,201MHM,Offshore Light Jig,2.01,MH,Moderate,40,120,12,30,165,59,61,70,45,32000,ライトジギ,FICTIONAL_CONTENT
rod-0310,Arvo Garsen,POWERCREST,211MHM,Offshore Light Jig,2.11,MH,Moderate,40,120,12,30,169,59,61,70,47,32800,ライトジギ,FICTIONAL_CONTENT
rod-0311,Arvo Garsen,VERITAS-X,163HM,Offshore Jigging,1.63,H,Moderate,80,220,20,50,166,59,61,75,37,33600,オフショアジギ,FICTIONAL_CONTENT
rod-0312,Arvo Garsen,VERITAS-X,173HM,Offshore Jigging,1.73,H,Moderate,80,220,20,50,170,59,61,75,39,32800,オフショアジギ,FICTIONAL_CONTENT
rod-0313,Arvo Garsen,VERITAS-X,183HM,Offshore Jigging,1.83,H,Moderate,80,220,20,50,173,59,61,75,41,32000,オフショアジギ,FICTIONAL_CONTENT
rod-0314,Arvo Garsen,VERITAS-X,193HM,Offshore Jigging,1.93,H,Moderate,80,220,20,50,176,59,61,75,43,32800,オフショアジギ,FICTIONAL_CONTENT
rod-0315,Arvo Garsen,VERITAS-X,203HM,Offshore Jigging,2.03,H,Moderate,80,220,20,50,179,59,61,75,46,33600,オフショアジギ,FICTIONAL_CONTENT
rod-0316,Arvo Garsen,POWERCREST,219HF,Casting,2.19,H,Fast,30,120,15,40,184,63,61,75,49,34500,オフショアキャスト,FICTIONAL_CONTENT
rod-0317,Arvo Garsen,POWERCREST,229HF,Casting,2.29,H,Fast,30,120,15,40,187,63,61,75,52,33700,オフショアキャスト,FICTIONAL_CONTENT
rod-0318,Arvo Garsen,POWERCREST,239HF,Casting,2.39,H,Fast,30,120,15,40,191,63,61,75,54,32900,オフショアキャスト,FICTIONAL_CONTENT
rod-0319,Arvo Garsen,POWERCREST,249HF,Casting,2.49,H,Fast,30,120,15,40,194,63,61,75,56,33700,オフショアキャスト,FICTIONAL_CONTENT
rod-0320,Arvo Garsen,POWERCREST,259HF,Casting,2.59,H,Fast,30,120,15,40,197,63,61,75,58,34500,オフショアキャスト,FICTIONAL_CONTENT
rod-0321,Arvo Garsen,VERITAS-X,224XHM,Big Game,2.24,XH,Moderate,60,200,25,60,186,59,61,75,50,35300,大型回遊魚,FICTIONAL_CONTENT
rod-0322,Arvo Garsen,VERITAS-X,234XHM,Big Game,2.34,XH,Moderate,60,200,25,60,189,59,61,75,53,34500,大型回遊魚,FICTIONAL_CONTENT
rod-0323,Arvo Garsen,VERITAS-X,244XHM,Big Game,2.44,XH,Moderate,60,200,25,60,192,59,61,75,55,33700,大型回遊魚,FICTIONAL_CONTENT
rod-0324,Arvo Garsen,VERITAS-X,254XHM,Big Game,2.54,XH,Moderate,60,200,25,60,195,59,61,75,57,34500,大型回遊魚,FICTIONAL_CONTENT
rod-0325,Arvo Garsen,VERITAS-X,264XHM,Big Game,2.64,XH,Moderate,60,200,25,60,199,59,57,75,59,35300,大型回遊魚,FICTIONAL_CONTENT
rod-0326,Gamakaze,SEIRYU,216MHF,Rockfish Heavy,2.16,MH,Fast,7,40,8,18,161,67,64,68,49,31700,ロックフィッシュ,FICTIONAL_CONTENT
rod-0327,Gamakaze,SEIRYU,226MHF,Rockfish Heavy,2.26,MH,Fast,7,40,8,18,164,67,64,68,51,30900,ロックフィッシュ,FICTIONAL_CONTENT
rod-0328,Gamakaze,SEIRYU,236MHF,Rockfish Heavy,2.36,MH,Fast,7,40,8,18,167,67,64,68,53,30100,ロックフィッシュ,FICTIONAL_CONTENT
rod-0329,Gamakaze,SEIRYU,246MHF,Rockfish Heavy,2.46,MH,Fast,7,40,8,18,170,67,64,68,55,30900,ロックフィッシュ,FICTIONAL_CONTENT
rod-0330,Gamakaze,SEIRYU,256MHF,Rockfish Heavy,2.56,MH,Fast,7,40,8,18,173,67,64,68,58,31700,ロックフィッシュ,FICTIONAL_CONTENT
rod-0331,Gamakaze,SEIRYU,285HM,Shore Jigging,2.85,H,Moderate,30,100,15,35,194,63,61,74,69,35100,ショアジギ,FICTIONAL_CONTENT
rod-0332,Gamakaze,SEIRYU,295HM,Shore Jigging,2.95,H,Moderate,30,100,15,35,197,63,61,74,72,34300,ショアジギ,FICTIONAL_CONTENT
rod-0333,Gamakaze,SEIRYU,305HM,Shore Jigging,3.05,H,Moderate,30,100,15,35,200,63,61,74,74,33500,ショアジギ,FICTIONAL_CONTENT
rod-0334,Gamakaze,SEIRYU,315HM,Shore Jigging,3.15,H,Moderate,30,100,15,35,203,63,61,74,77,34300,ショアジギ,FICTIONAL_CONTENT
rod-0335,Gamakaze,SEIRYU,325HM,Shore Jigging,3.25,H,Moderate,30,100,15,35,206,63,61,74,79,35100,ショアジギ,FICTIONAL_CONTENT
rod-0336,Gamakaze,RAGEKI,300XHM,Heavy Shore Jigging,3,XH,Moderate,50,150,20,45,199,63,61,74,73,35900,大型青物,FICTIONAL_CONTENT
rod-0337,Gamakaze,RAGEKI,310XHM,Heavy Shore Jigging,3.1,XH,Moderate,50,150,20,45,202,63,61,74,75,35100,大型青物,FICTIONAL_CONTENT
rod-0338,Gamakaze,RAGEKI,320XHM,Heavy Shore Jigging,3.2,XH,Moderate,50,150,20,45,205,63,61,74,78,34300,大型青物,FICTIONAL_CONTENT
rod-0339,Gamakaze,RAGEKI,330XHM,Heavy Shore Jigging,3.3,XH,Moderate,50,150,20,45,208,63,61,74,80,35100,大型青物,FICTIONAL_CONTENT
rod-0340,Gamakaze,RAGEKI,340XHM,Heavy Shore Jigging,3.4,XH,Moderate,50,150,20,45,211,63,61,74,83,35900,大型青物,FICTIONAL_CONTENT
rod-0341,Gamakaze,RAGEKI,163HM,Offshore Jigging,1.63,H,Moderate,80,220,20,50,157,63,64,74,37,37600,オフショアジギ,FICTIONAL_CONTENT
rod-0342,Gamakaze,RAGEKI,173HM,Offshore Jigging,1.73,H,Moderate,80,220,20,50,160,63,64,74,39,36800,オフショアジギ,FICTIONAL_CONTENT
rod-0343,Gamakaze,RAGEKI,183HM,Offshore Jigging,1.83,H,Moderate,80,220,20,50,163,63,64,74,41,36000,オフショアジギ,FICTIONAL_CONTENT
rod-0344,Gamakaze,RAGEKI,193HM,Offshore Jigging,1.93,H,Moderate,80,220,20,50,166,63,64,74,43,36800,オフショアジギ,FICTIONAL_CONTENT
rod-0345,Gamakaze,RAGEKI,203HM,Offshore Jigging,2.03,H,Moderate,80,220,20,50,169,63,64,74,46,37600,オフショアジギ,FICTIONAL_CONTENT
rod-0346,Gamakaze,RAGEKI,224XHM,Big Game,2.24,XH,Moderate,60,200,25,60,176,63,64,74,50,39300,大型回遊魚,FICTIONAL_CONTENT
rod-0347,Gamakaze,RAGEKI,234XHM,Big Game,2.34,XH,Moderate,60,200,25,60,179,63,64,74,53,38500,大型回遊魚,FICTIONAL_CONTENT
rod-0348,Gamakaze,RAGEKI,244XHM,Big Game,2.44,XH,Moderate,60,200,25,60,182,63,64,74,55,37700,大型回遊魚,FICTIONAL_CONTENT
rod-0349,Gamakaze,RAGEKI,254XHM,Big Game,2.54,XH,Moderate,60,200,25,60,185,63,64,74,57,38500,大型回遊魚,FICTIONAL_CONTENT
rod-0350,Gamakaze,RAGEKI,264XHM,Big Game,2.64,XH,Moderate,60,200,25,60,188,63,61,74,59,39300,大型回遊魚,FICTIONAL_CONTENT
rod-0351,Gamakaze,SEIRYU,340MM,Bait Fishing,3.4,M,Moderate,3,30,4,12,188,63,61,64,77,40200,餌釣り,FICTIONAL_CONTENT
rod-0352,Gamakaze,SEIRYU,350MM,Bait Fishing,3.5,M,Moderate,3,30,4,12,191,63,61,64,79,39400,餌釣り,FICTIONAL_CONTENT
rod-0353,Gamakaze,SEIRYU,360MM,Bait Fishing,3.6,M,Moderate,3,30,4,12,194,63,61,64,81,38600,餌釣り,FICTIONAL_CONTENT
rod-0354,Gamakaze,SEIRYU,370MM,Bait Fishing,3.7,M,Moderate,3,30,4,12,197,63,61,64,83,39400,餌釣り,FICTIONAL_CONTENT
rod-0355,Gamakaze,SEIRYU,380MM,Bait Fishing,3.8,M,Moderate,3,30,4,12,200,63,61,64,86,40200,餌釣り,FICTIONAL_CONTENT
rod-0356,Gamakaze,RAGEKI,510MM,Float Fishing,5.1,M,Moderate,2,20,3,10,239,63,61,64,100,41000,ウキ/磯,FICTIONAL_CONTENT
rod-0357,Gamakaze,RAGEKI,520MM,Float Fishing,5.2,M,Moderate,2,20,3,10,242,63,61,64,100,40200,ウキ/磯,FICTIONAL_CONTENT
rod-0358,Gamakaze,RAGEKI,530MM,Float Fishing,5.3,M,Moderate,2,20,3,10,245,63,61,64,100,39400,ウキ/磯,FICTIONAL_CONTENT
rod-0359,Gamakaze,RAGEKI,540MM,Float Fishing,5.4,M,Moderate,2,20,3,10,248,63,61,64,100,40200,ウキ/磯,FICTIONAL_CONTENT
rod-0360,Gamakaze,RAGEKI,550MM,Float Fishing,5.5,M,Moderate,2,20,3,10,251,63,61,64,100,41000,ウキ/磯,FICTIONAL_CONTENT
rod-0361,Gamakaze,SEIRYU,250MHM,Bottom Fishing,2.5,MH,Moderate,15,80,10,30,171,63,64,68,56,41900,投げ/底,FICTIONAL_CONTENT
rod-0362,Gamakaze,SEIRYU,260MHM,Bottom Fishing,2.6,MH,Moderate,15,80,10,30,174,63,61,68,59,41100,投げ/底,FICTIONAL_CONTENT
rod-0363,Gamakaze,SEIRYU,270MHM,Bottom Fishing,2.7,MH,Moderate,15,80,10,30,177,63,61,68,61,40300,投げ/底,FICTIONAL_CONTENT
rod-0364,Gamakaze,SEIRYU,280MHM,Bottom Fishing,2.8,MH,Moderate,15,80,10,30,180,63,61,68,63,41100,投げ/底,FICTIONAL_CONTENT
rod-0365,Gamakaze,SEIRYU,290MHM,Bottom Fishing,2.9,MH,Moderate,15,80,10,30,183,63,61,68,65,41900,投げ/底,FICTIONAL_CONTENT
rod-0366,Gamakaze,RAGEKI,190MHM,Boat Bait,1.9,MH,Moderate,20,80,10,30,153,63,64,68,43,42700,船餌,FICTIONAL_CONTENT
rod-0367,Gamakaze,RAGEKI,200MHM,Boat Bait,2,MH,Moderate,20,80,10,30,156,63,64,68,45,41900,船餌,FICTIONAL_CONTENT
rod-0368,Gamakaze,RAGEKI,210MHM,Boat Bait,2.1,MH,Moderate,20,80,10,30,159,63,64,68,47,41100,船餌,FICTIONAL_CONTENT
rod-0369,Gamakaze,RAGEKI,220MHM,Boat Bait,2.2,MH,Moderate,20,80,10,30,162,63,64,68,50,41900,船餌,FICTIONAL_CONTENT
rod-0370,Gamakaze,RAGEKI,230MHM,Boat Bait,2.3,MH,Moderate,20,80,10,30,165,63,64,68,52,42700,船餌,FICTIONAL_CONTENT
rod-0371,Major Crest,FIRSTWAY,183ULF,Ajing,1.83,UL,Fast,0.5,5,1.5,4,146,63,62,57,41,10600,軽量ジグ/アジ,FICTIONAL_CONTENT
rod-0372,Major Crest,FIRSTWAY,193ULF,Ajing,1.93,UL,Fast,0.5,5,1.5,4,149,63,62,57,43,9800,軽量ジグ/アジ,FICTIONAL_CONTENT
rod-0373,Major Crest,FIRSTWAY,203ULF,Ajing,2.03,UL,Fast,0.5,5,1.5,4,152,63,62,57,46,9000,軽量ジグ/アジ,FICTIONAL_CONTENT
rod-0374,Major Crest,FIRSTWAY,213ULF,Ajing,2.13,UL,Fast,0.5,5,1.5,4,155,63,62,57,48,9800,軽量ジグ/アジ,FICTIONAL_CONTENT
rod-0375,Major Crest,FIRSTWAY,223ULF,Ajing,2.23,UL,Fast,0.5,5,1.5,4,158,63,62,57,50,10600,軽量ジグ/アジ,FICTIONAL_CONTENT
rod-0376,Major Crest,CROSSRIDGE,209LF,Mebaring,2.09,L,Fast,1,8,2,5,154,63,62,57,47,11500,メバル/ライト,FICTIONAL_CONTENT
rod-0377,Major Crest,CROSSRIDGE,219LF,Mebaring,2.19,L,Fast,1,8,2,5,157,63,62,57,49,10700,メバル/ライト,FICTIONAL_CONTENT
rod-0378,Major Crest,CROSSRIDGE,229LF,Mebaring,2.29,L,Fast,1,8,2,5,160,63,62,57,52,9900,メバル/ライト,FICTIONAL_CONTENT
rod-0379,Major Crest,CROSSRIDGE,239LF,Mebaring,2.39,L,Fast,1,8,2,5,163,63,62,57,54,10700,メバル/ライト,FICTIONAL_CONTENT
rod-0380,Major Crest,CROSSRIDGE,249LF,Mebaring,2.49,L,Fast,1,8,2,5,167,63,62,57,56,11500,メバル/ライト,FICTIONAL_CONTENT
rod-0381,Major Crest,FIRSTWAY,155ULM,Trout Stream,1.55,UL,Moderate,1,7,1.5,4,137,59,62,57,35,12300,渓流,FICTIONAL_CONTENT
rod-0382,Major Crest,FIRSTWAY,165ULM,Trout Stream,1.65,UL,Moderate,1,7,1.5,4,140,59,62,57,37,11500,渓流,FICTIONAL_CONTENT
rod-0383,Major Crest,FIRSTWAY,175ULM,Trout Stream,1.75,UL,Moderate,1,7,1.5,4,143,59,62,57,39,10700,渓流,FICTIONAL_CONTENT
rod-0384,Major Crest,FIRSTWAY,185ULM,Trout Stream,1.85,UL,Moderate,1,7,1.5,4,147,59,62,57,42,11500,渓流,FICTIONAL_CONTENT
rod-0385,Major Crest,FIRSTWAY,195ULM,Trout Stream,1.95,UL,Moderate,1,7,1.5,4,150,59,62,57,44,12300,渓流,FICTIONAL_CONTENT
rod-0386,Major Crest,CROSSRIDGE,193LM,Trout Lake,1.93,L,Moderate,2,12,2,6,149,59,62,57,43,13200,湖トラウト,FICTIONAL_CONTENT
rod-0387,Major Crest,CROSSRIDGE,203LM,Trout Lake,2.03,L,Moderate,2,12,2,6,152,59,62,57,46,12400,湖トラウト,FICTIONAL_CONTENT
rod-0388,Major Crest,CROSSRIDGE,213LM,Trout Lake,2.13,L,Moderate,2,12,2,6,155,59,62,57,48,11600,湖トラウト,FICTIONAL_CONTENT
rod-0389,Major Crest,CROSSRIDGE,223LM,Trout Lake,2.23,L,Moderate,2,12,2,6,158,59,62,57,50,12400,湖トラウト,FICTIONAL_CONTENT
rod-0390,Major Crest,CROSSRIDGE,233LM,Trout Lake,2.33,L,Moderate,2,12,2,6,162,59,62,57,52,13200,湖トラウト,FICTIONAL_CONTENT
rod-0391,Major Crest,FIRSTWAY,188MLF,Bass Finesse,1.88,ML,Fast,2,12,3,8,147,63,62,57,42,14000,バス/フィネス,FICTIONAL_CONTENT
rod-0392,Major Crest,FIRSTWAY,198MLF,Bass Finesse,1.98,ML,Fast,2,12,3,8,151,63,62,57,45,13200,バス/フィネス,FICTIONAL_CONTENT
rod-0393,Major Crest,FIRSTWAY,208MLF,Bass Finesse,2.08,ML,Fast,2,12,3,8,154,63,62,57,47,12400,バス/フィネス,FICTIONAL_CONTENT
rod-0394,Major Crest,FIRSTWAY,218MLF,Bass Finesse,2.18,ML,Fast,2,12,3,8,157,63,62,57,49,13200,バス/フィネス,FICTIONAL_CONTENT
rod-0395,Major Crest,FIRSTWAY,228MLF,Bass Finesse,2.28,ML,Fast,2,12,3,8,160,63,62,57,51,14000,バス/フィネス,FICTIONAL_CONTENT
rod-0396,Major Crest,CROSSRIDGE,193MHF,Bass Power,1.93,MH,Fast,7,28,6,14,160,63,62,61,43,14900,バス/カバー,FICTIONAL_CONTENT
rod-0397,Major Crest,CROSSRIDGE,203MHF,Bass Power,2.03,MH,Fast,7,28,6,14,163,63,62,61,46,14100,バス/カバー,FICTIONAL_CONTENT
rod-0398,Major Crest,CROSSRIDGE,213MHF,Bass Power,2.13,MH,Fast,7,28,6,14,166,63,62,61,48,13300,バス/カバー,FICTIONAL_CONTENT
rod-0399,Major Crest,CROSSRIDGE,223MHF,Bass Power,2.23,MH,Fast,7,28,6,14,169,63,62,61,50,14100,バス/カバー,FICTIONAL_CONTENT
rod-0400,Major Crest,CROSSRIDGE,233MHF,Bass Power,2.33,MH,Fast,7,28,6,14,172,63,62,61,52,14900,バス/カバー,FICTIONAL_CONTENT
rod-0401,Major Crest,FIRSTWAY,214MLF,Chinning,2.14,ML,Fast,3,18,4,10,156,63,62,57,48,15700,チニング,FICTIONAL_CONTENT
rod-0402,Major Crest,FIRSTWAY,224MLF,Chinning,2.24,ML,Fast,3,18,4,10,159,63,62,57,50,14900,チニング,FICTIONAL_CONTENT
rod-0403,Major Crest,FIRSTWAY,234MLF,Chinning,2.34,ML,Fast,3,18,4,10,162,63,62,57,53,14100,チニング,FICTIONAL_CONTENT
rod-0404,Major Crest,FIRSTWAY,244MLF,Chinning,2.44,ML,Fast,3,18,4,10,165,63,62,57,55,14900,チニング,FICTIONAL_CONTENT
rod-0405,Major Crest,FIRSTWAY,254MLF,Chinning,2.54,ML,Fast,3,18,4,10,168,63,62,57,57,15700,チニング,FICTIONAL_CONTENT
rod-0406,Major Crest,CROSSRIDGE,239MLF,Seabass Short,2.39,ML,Fast,5,28,5,12,163,63,62,57,54,16600,港湾シーバス,FICTIONAL_CONTENT
rod-0407,Major Crest,CROSSRIDGE,249MLF,Seabass Short,2.49,ML,Fast,5,28,5,12,167,63,62,57,56,15800,港湾シーバス,FICTIONAL_CONTENT
rod-0408,Major Crest,CROSSRIDGE,259MLF,Seabass Short,2.59,ML,Fast,5,28,5,12,170,63,62,57,58,15000,港湾シーバス,FICTIONAL_CONTENT
rod-0409,Major Crest,CROSSRIDGE,269MLF,Seabass Short,2.69,ML,Fast,5,28,5,12,173,63,58,57,61,15800,港湾シーバス,FICTIONAL_CONTENT
rod-0410,Major Crest,CROSSRIDGE,279MLF,Seabass Short,2.79,ML,Fast,5,28,5,12,176,63,58,57,63,16600,港湾シーバス,FICTIONAL_CONTENT
rod-0411,Major Crest,FIRSTWAY,254MF,Seabass Standard,2.54,M,Fast,7,35,6,14,168,63,62,57,57,17400,河川/湾岸シーバス,FICTIONAL_CONTENT
rod-0412,Major Crest,FIRSTWAY,264MF,Seabass Standard,2.64,M,Fast,7,35,6,14,171,63,58,57,59,16600,河川/湾岸シーバス,FICTIONAL_CONTENT
rod-0413,Major Crest,FIRSTWAY,274MF,Seabass Standard,2.74,M,Fast,7,35,6,14,174,63,58,57,62,15800,河川/湾岸シーバス,FICTIONAL_CONTENT
rod-0414,Major Crest,FIRSTWAY,284MF,Seabass Standard,2.84,M,Fast,7,35,6,14,178,63,58,57,64,16600,河川/湾岸シーバス,FICTIONAL_CONTENT
rod-0415,Major Crest,FIRSTWAY,294MF,Seabass Standard,2.94,M,Fast,7,35,6,14,181,63,58,57,66,17400,河川/湾岸シーバス,FICTIONAL_CONTENT
rod-0416,Major Crest,CROSSRIDGE,270MF,Seabass Long,2.7,M,Fast,10,45,7,16,173,63,58,57,61,18300,大河川/遠投,FICTIONAL_CONTENT
rod-0417,Major Crest,CROSSRIDGE,280MF,Seabass Long,2.8,M,Fast,10,45,7,16,176,63,58,57,63,17500,大河川/遠投,FICTIONAL_CONTENT
rod-0418,Major Crest,CROSSRIDGE,290MF,Seabass Long,2.9,M,Fast,10,45,7,16,179,63,58,57,65,16700,大河川/遠投,FICTIONAL_CONTENT
rod-0419,Major Crest,CROSSRIDGE,300MF,Seabass Long,3,M,Fast,10,45,7,16,183,63,58,57,68,17500,大河川/遠投,FICTIONAL_CONTENT
rod-0420,Major Crest,CROSSRIDGE,310MF,Seabass Long,3.1,M,Fast,10,45,7,16,186,63,58,57,70,18300,大河川/遠投,FICTIONAL_CONTENT
rod-0421,Major Crest,FIRSTWAY,224LF,Eging Light,2.24,L,Fast,3,18,3,8,159,63,62,57,50,19100,ライトエギ,FICTIONAL_CONTENT
rod-0422,Major Crest,FIRSTWAY,234LF,Eging Light,2.34,L,Fast,3,18,3,8,162,63,62,57,53,18300,ライトエギ,FICTIONAL_CONTENT
rod-0423,Major Crest,FIRSTWAY,244LF,Eging Light,2.44,L,Fast,3,18,3,8,165,63,62,57,55,17500,ライトエギ,FICTIONAL_CONTENT
rod-0424,Major Crest,FIRSTWAY,254LF,Eging Light,2.54,L,Fast,3,18,3,8,168,63,62,57,57,18300,ライトエギ,FICTIONAL_CONTENT
rod-0425,Major Crest,FIRSTWAY,264LF,Eging Light,2.64,L,Fast,3,18,3,8,171,63,58,57,59,19100,ライトエギ,FICTIONAL_CONTENT
rod-0426,Major Crest,CROSSRIDGE,231MLF,Eging Standard,2.31,ML,Fast,5,25,4,10,161,63,62,57,52,20000,エギング,FICTIONAL_CONTENT
rod-0427,Major Crest,CROSSRIDGE,241MLF,Eging Standard,2.41,ML,Fast,5,25,4,10,164,63,62,57,54,19200,エギング,FICTIONAL_CONTENT
rod-0428,Major Crest,CROSSRIDGE,251MLF,Eging Standard,2.51,ML,Fast,5,25,4,10,167,63,62,57,56,18400,エギング,FICTIONAL_CONTENT
rod-0429,Major Crest,CROSSRIDGE,261MLF,Eging Standard,2.61,ML,Fast,5,25,4,10,170,63,58,57,59,19200,エギング,FICTIONAL_CONTENT
rod-0430,Major Crest,CROSSRIDGE,271MLF,Eging Standard,2.71,ML,Fast,5,25,4,10,173,63,58,57,61,20000,エギング,FICTIONAL_CONTENT
rod-0431,Major Crest,FIRSTWAY,198MF,Rockfish Light,1.98,M,Fast,3,20,5,12,151,63,62,57,45,20800,ライトロック,FICTIONAL_CONTENT
rod-0432,Major Crest,FIRSTWAY,208MF,Rockfish Light,2.08,M,Fast,3,20,5,12,154,63,62,57,47,20000,ライトロック,FICTIONAL_CONTENT
rod-0433,Major Crest,FIRSTWAY,218MF,Rockfish Light,2.18,M,Fast,3,20,5,12,157,63,62,57,49,19200,ライトロック,FICTIONAL_CONTENT
rod-0434,Major Crest,FIRSTWAY,228MF,Rockfish Light,2.28,M,Fast,3,20,5,12,160,63,62,57,51,20000,ライトロック,FICTIONAL_CONTENT
rod-0435,Major Crest,FIRSTWAY,238MF,Rockfish Light,2.38,M,Fast,3,20,5,12,163,63,62,57,54,20800,ライトロック,FICTIONAL_CONTENT
rod-0436,Major Crest,CROSSRIDGE,216MHF,Rockfish Heavy,2.16,MH,Fast,7,40,8,18,167,63,62,61,49,21700,ロックフィッシュ,FICTIONAL_CONTENT
rod-0437,Major Crest,CROSSRIDGE,226MHF,Rockfish Heavy,2.26,MH,Fast,7,40,8,18,170,63,62,61,51,20900,ロックフィッシュ,FICTIONAL_CONTENT
rod-0438,Major Crest,CROSSRIDGE,236MHF,Rockfish Heavy,2.36,MH,Fast,7,40,8,18,173,63,62,61,53,20100,ロックフィッシュ,FICTIONAL_CONTENT
rod-0439,Major Crest,CROSSRIDGE,246MHF,Rockfish Heavy,2.46,MH,Fast,7,40,8,18,176,63,62,61,55,20900,ロックフィッシュ,FICTIONAL_CONTENT
rod-0440,Major Crest,CROSSRIDGE,256MHF,Rockfish Heavy,2.56,MH,Fast,7,40,8,18,180,63,62,61,58,21700,ロックフィッシュ,FICTIONAL_CONTENT
rod-0441,Major Crest,FIRSTWAY,285MF,Surf,2.85,M,Fast,10,45,8,18,178,63,58,57,69,22500,サーフ,FICTIONAL_CONTENT
rod-0442,Major Crest,FIRSTWAY,295MF,Surf,2.95,M,Fast,10,45,8,18,181,63,58,57,72,21700,サーフ,FICTIONAL_CONTENT
rod-0443,Major Crest,FIRSTWAY,305MF,Surf,3.05,M,Fast,10,45,8,18,184,63,58,57,74,20900,サーフ,FICTIONAL_CONTENT
rod-0444,Major Crest,FIRSTWAY,315MF,Surf,3.15,M,Fast,10,45,8,18,187,63,58,57,77,21700,サーフ,FICTIONAL_CONTENT
rod-0445,Major Crest,FIRSTWAY,325MF,Surf,3.25,M,Fast,10,45,8,18,190,63,58,57,79,22500,サーフ,FICTIONAL_CONTENT
rod-0446,Major Crest,CROSSRIDGE,300MHF,Surf Power,3,MH,Fast,15,60,10,25,193,63,58,61,73,23400,遠投サーフ,FICTIONAL_CONTENT
rod-0447,Major Crest,CROSSRIDGE,310MHF,Surf Power,3.1,MH,Fast,15,60,10,25,196,63,58,61,75,22600,遠投サーフ,FICTIONAL_CONTENT
rod-0448,Major Crest,CROSSRIDGE,320MHF,Surf Power,3.2,MH,Fast,15,60,10,25,200,63,58,61,78,21800,遠投サーフ,FICTIONAL_CONTENT
rod-0449,Major Crest,CROSSRIDGE,330MHF,Surf Power,3.3,MH,Fast,15,60,10,25,203,63,58,61,80,22600,遠投サーフ,FICTIONAL_CONTENT
rod-0450,Major Crest,CROSSRIDGE,340MHF,Surf Power,3.4,MH,Fast,15,60,10,25,206,63,58,61,83,23400,遠投サーフ,FICTIONAL_CONTENT
rod-0451,Major Crest,FIRSTWAY,270MHF,Light Shore Jigging,2.7,MH,Fast,15,60,10,25,184,63,58,61,66,24200,LSJ,FICTIONAL_CONTENT
rod-0452,Major Crest,FIRSTWAY,280MHF,Light Shore Jigging,2.8,MH,Fast,15,60,10,25,187,63,58,61,68,23400,LSJ,FICTIONAL_CONTENT
rod-0453,Major Crest,FIRSTWAY,290MHF,Light Shore Jigging,2.9,MH,Fast,15,60,10,25,190,63,58,61,70,22600,LSJ,FICTIONAL_CONTENT
rod-0454,Major Crest,FIRSTWAY,300MHF,Light Shore Jigging,3,MH,Fast,15,60,10,25,193,63,58,61,73,23400,LSJ,FICTIONAL_CONTENT
rod-0455,Major Crest,FIRSTWAY,310MHF,Light Shore Jigging,3.1,MH,Fast,15,60,10,25,196,63,58,61,75,24200,LSJ,FICTIONAL_CONTENT
rod-0456,Major Crest,CROSSRIDGE,285HM,Shore Jigging,2.85,H,Moderate,30,100,15,35,202,59,58,66,69,25100,ショアジギ,FICTIONAL_CONTENT
rod-0457,Major Crest,CROSSRIDGE,295HM,Shore Jigging,2.95,H,Moderate,30,100,15,35,205,59,58,66,72,24300,ショアジギ,FICTIONAL_CONTENT
rod-0458,Major Crest,CROSSRIDGE,305HM,Shore Jigging,3.05,H,Moderate,30,100,15,35,208,59,58,66,74,23500,ショアジギ,FICTIONAL_CONTENT
rod-0459,Major Crest,CROSSRIDGE,315HM,Shore Jigging,3.15,H,Moderate,30,100,15,35,211,59,58,66,77,24300,ショアジギ,FICTIONAL_CONTENT
rod-0460,Major Crest,CROSSRIDGE,325HM,Shore Jigging,3.25,H,Moderate,30,100,15,35,214,59,58,66,79,25100,ショアジギ,FICTIONAL_CONTENT
rod-0461,Major Crest,CROSSRIDGE,171MHM,Offshore Light Jig,1.71,MH,Moderate,40,120,12,30,153,59,62,61,38,26800,ライトジギ,FICTIONAL_CONTENT
rod-0462,Major Crest,CROSSRIDGE,181MHM,Offshore Light Jig,1.81,MH,Moderate,40,120,12,30,156,59,62,61,41,26000,ライトジギ,FICTIONAL_CONTENT
rod-0463,Major Crest,CROSSRIDGE,191MHM,Offshore Light Jig,1.91,MH,Moderate,40,120,12,30,159,59,62,61,43,25200,ライトジギ,FICTIONAL_CONTENT
rod-0464,Major Crest,CROSSRIDGE,201MHM,Offshore Light Jig,2.01,MH,Moderate,40,120,12,30,162,59,62,61,45,26000,ライトジギ,FICTIONAL_CONTENT
rod-0465,Major Crest,CROSSRIDGE,211MHM,Offshore Light Jig,2.11,MH,Moderate,40,120,12,30,165,59,62,61,47,26800,ライトジギ,FICTIONAL_CONTENT
rod-0466,Major Crest,FIRSTWAY,163HM,Offshore Jigging,1.63,H,Moderate,80,220,20,50,163,59,62,66,37,27600,オフショアジギ,FICTIONAL_CONTENT
rod-0467,Major Crest,FIRSTWAY,173HM,Offshore Jigging,1.73,H,Moderate,80,220,20,50,167,59,62,66,39,26800,オフショアジギ,FICTIONAL_CONTENT
rod-0468,Major Crest,FIRSTWAY,183HM,Offshore Jigging,1.83,H,Moderate,80,220,20,50,170,59,62,66,41,26000,オフショアジギ,FICTIONAL_CONTENT
rod-0469,Major Crest,FIRSTWAY,193HM,Offshore Jigging,1.93,H,Moderate,80,220,20,50,173,59,62,66,43,26800,オフショアジギ,FICTIONAL_CONTENT
rod-0470,Major Crest,FIRSTWAY,203HM,Offshore Jigging,2.03,H,Moderate,80,220,20,50,176,59,62,66,46,27600,オフショアジギ,FICTIONAL_CONTENT
rod-0471,Major Crest,CROSSRIDGE,219HF,Casting,2.19,H,Fast,30,120,15,40,181,63,62,66,49,28500,オフショアキャスト,FICTIONAL_CONTENT
rod-0472,Major Crest,CROSSRIDGE,229HF,Casting,2.29,H,Fast,30,120,15,40,184,63,62,66,52,27700,オフショアキャスト,FICTIONAL_CONTENT
rod-0473,Major Crest,CROSSRIDGE,239HF,Casting,2.39,H,Fast,30,120,15,40,187,63,62,66,54,26900,オフショアキャスト,FICTIONAL_CONTENT
rod-0474,Major Crest,CROSSRIDGE,249HF,Casting,2.49,H,Fast,30,120,15,40,190,63,62,66,56,27700,オフショアキャスト,FICTIONAL_CONTENT
rod-0475,Major Crest,CROSSRIDGE,259HF,Casting,2.59,H,Fast,30,120,15,40,193,63,62,66,58,28500,オフショアキャスト,FICTIONAL_CONTENT
rod-0476,Major Crest,CROSSRIDGE,340MM,Bait Fishing,3.4,M,Moderate,3,30,4,12,195,59,58,57,77,30200,餌釣り,FICTIONAL_CONTENT
rod-0477,Major Crest,CROSSRIDGE,350MM,Bait Fishing,3.5,M,Moderate,3,30,4,12,198,59,58,57,79,29400,餌釣り,FICTIONAL_CONTENT
rod-0478,Major Crest,CROSSRIDGE,360MM,Bait Fishing,3.6,M,Moderate,3,30,4,12,201,59,58,57,81,28600,餌釣り,FICTIONAL_CONTENT
rod-0479,Major Crest,CROSSRIDGE,370MM,Bait Fishing,3.7,M,Moderate,3,30,4,12,204,59,58,57,83,29400,餌釣り,FICTIONAL_CONTENT
rod-0480,Major Crest,CROSSRIDGE,380MM,Bait Fishing,3.8,M,Moderate,3,30,4,12,208,59,58,57,86,30200,餌釣り,FICTIONAL_CONTENT
rod-0481,Major Crest,FIRSTWAY,510MM,Float Fishing,5.1,M,Moderate,2,20,3,10,248,59,58,57,100,31000,ウキ/磯,FICTIONAL_CONTENT
rod-0482,Major Crest,FIRSTWAY,520MM,Float Fishing,5.2,M,Moderate,2,20,3,10,251,59,58,57,100,30200,ウキ/磯,FICTIONAL_CONTENT
rod-0483,Major Crest,FIRSTWAY,530MM,Float Fishing,5.3,M,Moderate,2,20,3,10,255,59,58,57,100,29400,ウキ/磯,FICTIONAL_CONTENT
rod-0484,Major Crest,FIRSTWAY,540MM,Float Fishing,5.4,M,Moderate,2,20,3,10,258,59,58,57,100,30200,ウキ/磯,FICTIONAL_CONTENT
rod-0485,Major Crest,FIRSTWAY,550MM,Float Fishing,5.5,M,Moderate,2,20,3,10,261,59,58,57,100,31000,ウキ/磯,FICTIONAL_CONTENT
rod-0486,Major Crest,CROSSRIDGE,250MHM,Bottom Fishing,2.5,MH,Moderate,15,80,10,30,178,59,62,61,56,31900,投げ/底,FICTIONAL_CONTENT
rod-0487,Major Crest,CROSSRIDGE,260MHM,Bottom Fishing,2.6,MH,Moderate,15,80,10,30,181,59,58,61,59,31100,投げ/底,FICTIONAL_CONTENT
rod-0488,Major Crest,CROSSRIDGE,270MHM,Bottom Fishing,2.7,MH,Moderate,15,80,10,30,184,59,58,61,61,30300,投げ/底,FICTIONAL_CONTENT
rod-0489,Major Crest,CROSSRIDGE,280MHM,Bottom Fishing,2.8,MH,Moderate,15,80,10,30,187,59,58,61,63,31100,投げ/底,FICTIONAL_CONTENT
rod-0490,Major Crest,CROSSRIDGE,290MHM,Bottom Fishing,2.9,MH,Moderate,15,80,10,30,190,59,58,61,65,31900,投げ/底,FICTIONAL_CONTENT
rod-0491,Major Crest,FIRSTWAY,190MHM,Boat Bait,1.9,MH,Moderate,20,80,10,30,159,59,62,61,43,32700,船餌,FICTIONAL_CONTENT
rod-0492,Major Crest,FIRSTWAY,200MHM,Boat Bait,2,MH,Moderate,20,80,10,30,162,59,62,61,45,31900,船餌,FICTIONAL_CONTENT
rod-0493,Major Crest,FIRSTWAY,210MHM,Boat Bait,2.1,MH,Moderate,20,80,10,30,165,59,62,61,47,31100,船餌,FICTIONAL_CONTENT
rod-0494,Major Crest,FIRSTWAY,220MHM,Boat Bait,2.2,MH,Moderate,20,80,10,30,168,59,62,61,50,31900,船餌,FICTIONAL_CONTENT
rod-0495,Major Crest,FIRSTWAY,230MHM,Boat Bait,2.3,MH,Moderate,20,80,10,30,171,59,62,61,52,32700,船餌,FICTIONAL_CONTENT
rod-0496,Major Crest,CROSSRIDGE,163ULS,Area Trout,1.63,UL,Slow,0.5,5,1,4,140,56,62,57,37,33600,管理釣り場,FICTIONAL_CONTENT
rod-0497,Major Crest,CROSSRIDGE,173ULS,Area Trout,1.73,UL,Slow,0.5,5,1,4,143,56,62,57,39,32800,管理釣り場,FICTIONAL_CONTENT
rod-0498,Major Crest,CROSSRIDGE,183ULS,Area Trout,1.83,UL,Slow,0.5,5,1,4,146,56,62,57,41,32000,管理釣り場,FICTIONAL_CONTENT
rod-0499,Major Crest,CROSSRIDGE,193ULS,Area Trout,1.93,UL,Slow,0.5,5,1,4,149,56,62,57,43,32800,管理釣り場,FICTIONAL_CONTENT
rod-0500,Major Crest,CROSSRIDGE,203ULS,Area Trout,2.03,UL,Slow,0.5,5,1,4,152,56,62,57,46,33600,管理釣り場,FICTIONAL_CONTENT
rod-0501,Tail Walker,OCEANEDGE,239MLF,Seabass Short,2.39,ML,Fast,5,28,5,12,160,66,66,63,54,23600,港湾シーバス,FICTIONAL_CONTENT
rod-0502,Tail Walker,OCEANEDGE,249MLF,Seabass Short,2.49,ML,Fast,5,28,5,12,163,66,66,63,56,22800,港湾シーバス,FICTIONAL_CONTENT
rod-0503,Tail Walker,OCEANEDGE,259MLF,Seabass Short,2.59,ML,Fast,5,28,5,12,167,66,66,63,58,22000,港湾シーバス,FICTIONAL_CONTENT
rod-0504,Tail Walker,OCEANEDGE,269MLF,Seabass Short,2.69,ML,Fast,5,28,5,12,170,66,62,63,61,22800,港湾シーバス,FICTIONAL_CONTENT
rod-0505,Tail Walker,OCEANEDGE,279MLF,Seabass Short,2.79,ML,Fast,5,28,5,12,173,66,62,63,63,23600,港湾シーバス,FICTIONAL_CONTENT
rod-0506,Tail Walker,SHORELINE,254MF,Seabass Standard,2.54,M,Fast,7,35,6,14,165,66,66,63,57,24400,河川/湾岸シーバス,FICTIONAL_CONTENT
rod-0507,Tail Walker,SHORELINE,264MF,Seabass Standard,2.64,M,Fast,7,35,6,14,168,66,62,63,59,23600,河川/湾岸シーバス,FICTIONAL_CONTENT
rod-0508,Tail Walker,SHORELINE,274MF,Seabass Standard,2.74,M,Fast,7,35,6,14,171,66,62,63,62,22800,河川/湾岸シーバス,FICTIONAL_CONTENT
rod-0509,Tail Walker,SHORELINE,284MF,Seabass Standard,2.84,M,Fast,7,35,6,14,174,66,62,63,64,23600,河川/湾岸シーバス,FICTIONAL_CONTENT
rod-0510,Tail Walker,SHORELINE,294MF,Seabass Standard,2.94,M,Fast,7,35,6,14,177,66,62,63,66,24400,河川/湾岸シーバス,FICTIONAL_CONTENT
rod-0511,Tail Walker,OCEANEDGE,270MF,Seabass Long,2.7,M,Fast,10,45,7,16,170,66,62,63,61,25300,大河川/遠投,FICTIONAL_CONTENT
rod-0512,Tail Walker,OCEANEDGE,280MF,Seabass Long,2.8,M,Fast,10,45,7,16,173,66,62,63,63,24500,大河川/遠投,FICTIONAL_CONTENT
rod-0513,Tail Walker,OCEANEDGE,290MF,Seabass Long,2.9,M,Fast,10,45,7,16,176,66,62,63,65,23700,大河川/遠投,FICTIONAL_CONTENT
rod-0514,Tail Walker,OCEANEDGE,300MF,Seabass Long,3,M,Fast,10,45,7,16,179,66,62,63,68,24500,大河川/遠投,FICTIONAL_CONTENT
rod-0515,Tail Walker,OCEANEDGE,310MF,Seabass Long,3.1,M,Fast,10,45,7,16,182,66,62,63,70,25300,大河川/遠投,FICTIONAL_CONTENT
rod-0516,Tail Walker,SHORELINE,198MF,Rockfish Light,1.98,M,Fast,3,20,5,12,148,66,66,63,45,27800,ライトロック,FICTIONAL_CONTENT
rod-0517,Tail Walker,SHORELINE,208MF,Rockfish Light,2.08,M,Fast,3,20,5,12,151,66,66,63,47,27000,ライトロック,FICTIONAL_CONTENT
rod-0518,Tail Walker,SHORELINE,218MF,Rockfish Light,2.18,M,Fast,3,20,5,12,154,66,66,63,49,26200,ライトロック,FICTIONAL_CONTENT
rod-0519,Tail Walker,SHORELINE,228MF,Rockfish Light,2.28,M,Fast,3,20,5,12,157,66,66,63,51,27000,ライトロック,FICTIONAL_CONTENT
rod-0520,Tail Walker,SHORELINE,238MF,Rockfish Light,2.38,M,Fast,3,20,5,12,160,66,66,63,54,27800,ライトロック,FICTIONAL_CONTENT
rod-0521,Tail Walker,OCEANEDGE,216MHF,Rockfish Heavy,2.16,MH,Fast,7,40,8,18,164,66,66,67,49,28700,ロックフィッシュ,FICTIONAL_CONTENT
rod-0522,Tail Walker,OCEANEDGE,226MHF,Rockfish Heavy,2.26,MH,Fast,7,40,8,18,167,66,66,67,51,27900,ロックフィッシュ,FICTIONAL_CONTENT
rod-0523,Tail Walker,OCEANEDGE,236MHF,Rockfish Heavy,2.36,MH,Fast,7,40,8,18,170,66,66,67,53,27100,ロックフィッシュ,FICTIONAL_CONTENT
rod-0524,Tail Walker,OCEANEDGE,246MHF,Rockfish Heavy,2.46,MH,Fast,7,40,8,18,173,66,66,67,55,27900,ロックフィッシュ,FICTIONAL_CONTENT
rod-0525,Tail Walker,OCEANEDGE,256MHF,Rockfish Heavy,2.56,MH,Fast,7,40,8,18,176,66,66,67,58,28700,ロックフィッシュ,FICTIONAL_CONTENT
rod-0526,Tail Walker,SHORELINE,285MF,Surf,2.85,M,Fast,10,45,8,18,175,66,62,63,69,29500,サーフ,FICTIONAL_CONTENT
rod-0527,Tail Walker,SHORELINE,295MF,Surf,2.95,M,Fast,10,45,8,18,178,66,62,63,72,28700,サーフ,FICTIONAL_CONTENT
rod-0528,Tail Walker,SHORELINE,305MF,Surf,3.05,M,Fast,10,45,8,18,181,66,62,63,74,27900,サーフ,FICTIONAL_CONTENT
rod-0529,Tail Walker,SHORELINE,315MF,Surf,3.15,M,Fast,10,45,8,18,184,66,62,63,77,28700,サーフ,FICTIONAL_CONTENT
rod-0530,Tail Walker,SHORELINE,325MF,Surf,3.25,M,Fast,10,45,8,18,187,66,62,63,79,29500,サーフ,FICTIONAL_CONTENT
rod-0531,Tail Walker,OCEANEDGE,300MHF,Surf Power,3,MH,Fast,15,60,10,25,190,66,62,67,73,30400,遠投サーフ,FICTIONAL_CONTENT
rod-0532,Tail Walker,OCEANEDGE,310MHF,Surf Power,3.1,MH,Fast,15,60,10,25,193,66,62,67,75,29600,遠投サーフ,FICTIONAL_CONTENT
rod-0533,Tail Walker,OCEANEDGE,320MHF,Surf Power,3.2,MH,Fast,15,60,10,25,196,66,62,67,78,28800,遠投サーフ,FICTIONAL_CONTENT
rod-0534,Tail Walker,OCEANEDGE,330MHF,Surf Power,3.3,MH,Fast,15,60,10,25,199,66,62,67,80,29600,遠投サーフ,FICTIONAL_CONTENT
rod-0535,Tail Walker,OCEANEDGE,340MHF,Surf Power,3.4,MH,Fast,15,60,10,25,202,66,62,67,83,30400,遠投サーフ,FICTIONAL_CONTENT
rod-0536,Tail Walker,SHORELINE,270MHF,Light Shore Jigging,2.7,MH,Fast,15,60,10,25,181,66,62,67,66,31200,LSJ,FICTIONAL_CONTENT
rod-0537,Tail Walker,SHORELINE,280MHF,Light Shore Jigging,2.8,MH,Fast,15,60,10,25,184,66,62,67,68,30400,LSJ,FICTIONAL_CONTENT
rod-0538,Tail Walker,SHORELINE,290MHF,Light Shore Jigging,2.9,MH,Fast,15,60,10,25,187,66,62,67,70,29600,LSJ,FICTIONAL_CONTENT
rod-0539,Tail Walker,SHORELINE,300MHF,Light Shore Jigging,3,MH,Fast,15,60,10,25,190,66,62,67,73,30400,LSJ,FICTIONAL_CONTENT
rod-0540,Tail Walker,SHORELINE,310MHF,Light Shore Jigging,3.1,MH,Fast,15,60,10,25,193,66,62,67,75,31200,LSJ,FICTIONAL_CONTENT
rod-0541,Tail Walker,OCEANEDGE,285HM,Shore Jigging,2.85,H,Moderate,30,100,15,35,198,61,62,73,69,32100,ショアジギ,FICTIONAL_CONTENT
rod-0542,Tail Walker,OCEANEDGE,295HM,Shore Jigging,2.95,H,Moderate,30,100,15,35,201,61,62,73,72,31300,ショアジギ,FICTIONAL_CONTENT
rod-0543,Tail Walker,OCEANEDGE,305HM,Shore Jigging,3.05,H,Moderate,30,100,15,35,204,61,62,73,74,30500,ショアジギ,FICTIONAL_CONTENT
rod-0544,Tail Walker,OCEANEDGE,315HM,Shore Jigging,3.15,H,Moderate,30,100,15,35,207,61,62,73,77,31300,ショアジギ,FICTIONAL_CONTENT
rod-0545,Tail Walker,OCEANEDGE,325HM,Shore Jigging,3.25,H,Moderate,30,100,15,35,210,61,62,73,79,32100,ショアジギ,FICTIONAL_CONTENT
rod-0546,Tail Walker,SHORELINE,300XHM,Heavy Shore Jigging,3,XH,Moderate,50,150,20,45,202,61,62,73,73,32900,大型青物,FICTIONAL_CONTENT
rod-0547,Tail Walker,SHORELINE,310XHM,Heavy Shore Jigging,3.1,XH,Moderate,50,150,20,45,206,61,62,73,75,32100,大型青物,FICTIONAL_CONTENT
rod-0548,Tail Walker,SHORELINE,320XHM,Heavy Shore Jigging,3.2,XH,Moderate,50,150,20,45,209,61,62,73,78,31300,大型青物,FICTIONAL_CONTENT
rod-0549,Tail Walker,SHORELINE,330XHM,Heavy Shore Jigging,3.3,XH,Moderate,50,150,20,45,212,61,62,73,80,32100,大型青物,FICTIONAL_CONTENT
rod-0550,Tail Walker,SHORELINE,340XHM,Heavy Shore Jigging,3.4,XH,Moderate,50,150,20,45,215,61,62,73,83,32900,大型青物,FICTIONAL_CONTENT
rod-0551,Tail Walker,OCEANEDGE,171MHM,Offshore Light Jig,1.71,MH,Moderate,40,120,12,30,150,61,66,67,38,33800,ライトジギ,FICTIONAL_CONTENT
rod-0552,Tail Walker,OCEANEDGE,181MHM,Offshore Light Jig,1.81,MH,Moderate,40,120,12,30,153,61,66,67,41,33000,ライトジギ,FICTIONAL_CONTENT
rod-0553,Tail Walker,OCEANEDGE,191MHM,Offshore Light Jig,1.91,MH,Moderate,40,120,12,30,156,61,66,67,43,32200,ライトジギ,FICTIONAL_CONTENT
rod-0554,Tail Walker,OCEANEDGE,201MHM,Offshore Light Jig,2.01,MH,Moderate,40,120,12,30,159,61,66,67,45,33000,ライトジギ,FICTIONAL_CONTENT
rod-0555,Tail Walker,OCEANEDGE,211MHM,Offshore Light Jig,2.11,MH,Moderate,40,120,12,30,162,61,66,67,47,33800,ライトジギ,FICTIONAL_CONTENT
rod-0556,Tail Walker,SHORELINE,163HM,Offshore Jigging,1.63,H,Moderate,80,220,20,50,160,61,66,73,37,34600,オフショアジギ,FICTIONAL_CONTENT
rod-0557,Tail Walker,SHORELINE,173HM,Offshore Jigging,1.73,H,Moderate,80,220,20,50,163,61,66,73,39,33800,オフショアジギ,FICTIONAL_CONTENT
rod-0558,Tail Walker,SHORELINE,183HM,Offshore Jigging,1.83,H,Moderate,80,220,20,50,166,61,66,73,41,33000,オフショアジギ,FICTIONAL_CONTENT
rod-0559,Tail Walker,SHORELINE,193HM,Offshore Jigging,1.93,H,Moderate,80,220,20,50,170,61,66,73,43,33800,オフショアジギ,FICTIONAL_CONTENT
rod-0560,Tail Walker,SHORELINE,203HM,Offshore Jigging,2.03,H,Moderate,80,220,20,50,173,61,66,73,46,34600,オフショアジギ,FICTIONAL_CONTENT
rod-0561,Tail Walker,OCEANEDGE,219HF,Casting,2.19,H,Fast,30,120,15,40,178,66,66,73,49,35500,オフショアキャスト,FICTIONAL_CONTENT
rod-0562,Tail Walker,OCEANEDGE,229HF,Casting,2.29,H,Fast,30,120,15,40,181,66,66,73,52,34700,オフショアキャスト,FICTIONAL_CONTENT
rod-0563,Tail Walker,OCEANEDGE,239HF,Casting,2.39,H,Fast,30,120,15,40,184,66,66,73,54,33900,オフショアキャスト,FICTIONAL_CONTENT
rod-0564,Tail Walker,OCEANEDGE,249HF,Casting,2.49,H,Fast,30,120,15,40,187,66,66,73,56,34700,オフショアキャスト,FICTIONAL_CONTENT
rod-0565,Tail Walker,OCEANEDGE,259HF,Casting,2.59,H,Fast,30,120,15,40,190,66,66,73,58,35500,オフショアキャスト,FICTIONAL_CONTENT
rod-0566,Tail Walker,SHORELINE,224XHM,Big Game,2.24,XH,Moderate,60,200,25,60,179,61,66,73,50,36300,大型回遊魚,FICTIONAL_CONTENT
rod-0567,Tail Walker,SHORELINE,234XHM,Big Game,2.34,XH,Moderate,60,200,25,60,182,61,66,73,53,35500,大型回遊魚,FICTIONAL_CONTENT
rod-0568,Tail Walker,SHORELINE,244XHM,Big Game,2.44,XH,Moderate,60,200,25,60,185,61,66,73,55,34700,大型回遊魚,FICTIONAL_CONTENT
rod-0569,Tail Walker,SHORELINE,254XHM,Big Game,2.54,XH,Moderate,60,200,25,60,188,61,66,73,57,35500,大型回遊魚,FICTIONAL_CONTENT
rod-0570,Tail Walker,SHORELINE,264XHM,Big Game,2.64,XH,Moderate,60,200,25,60,191,61,62,73,59,36300,大型回遊魚,FICTIONAL_CONTENT
rod-0571,Evergreen Field,TACTICA,183ULF,Ajing,1.83,UL,Fast,0.5,5,1.5,4,132,74,70,59,41,23600,軽量ジグ/アジ,FICTIONAL_CONTENT
rod-0572,Evergreen Field,TACTICA,193ULF,Ajing,1.93,UL,Fast,0.5,5,1.5,4,135,74,70,59,43,22800,軽量ジグ/アジ,FICTIONAL_CONTENT
rod-0573,Evergreen Field,TACTICA,203ULF,Ajing,2.03,UL,Fast,0.5,5,1.5,4,138,74,70,59,46,22000,軽量ジグ/アジ,FICTIONAL_CONTENT
rod-0574,Evergreen Field,TACTICA,213ULF,Ajing,2.13,UL,Fast,0.5,5,1.5,4,141,74,70,59,48,22800,軽量ジグ/アジ,FICTIONAL_CONTENT
rod-0575,Evergreen Field,TACTICA,223ULF,Ajing,2.23,UL,Fast,0.5,5,1.5,4,144,74,70,59,50,23600,軽量ジグ/アジ,FICTIONAL_CONTENT
rod-0576,Evergreen Field,TACTICA,155ULM,Trout Stream,1.55,UL,Moderate,1,7,1.5,4,124,69,70,59,35,25300,渓流,FICTIONAL_CONTENT
rod-0577,Evergreen Field,TACTICA,165ULM,Trout Stream,1.65,UL,Moderate,1,7,1.5,4,127,69,70,59,37,24500,渓流,FICTIONAL_CONTENT
rod-0578,Evergreen Field,TACTICA,175ULM,Trout Stream,1.75,UL,Moderate,1,7,1.5,4,130,69,70,59,39,23700,渓流,FICTIONAL_CONTENT
rod-0579,Evergreen Field,TACTICA,185ULM,Trout Stream,1.85,UL,Moderate,1,7,1.5,4,133,69,70,59,42,24500,渓流,FICTIONAL_CONTENT
rod-0580,Evergreen Field,TACTICA,195ULM,Trout Stream,1.95,UL,Moderate,1,7,1.5,4,136,69,70,59,44,25300,渓流,FICTIONAL_CONTENT
rod-0581,Evergreen Field,TACTICA,188MLF,Bass Finesse,1.88,ML,Fast,2,12,3,8,134,74,70,59,42,27000,バス/フィネス,FICTIONAL_CONTENT
rod-0582,Evergreen Field,TACTICA,198MLF,Bass Finesse,1.98,ML,Fast,2,12,3,8,137,74,70,59,45,26200,バス/フィネス,FICTIONAL_CONTENT
rod-0583,Evergreen Field,TACTICA,208MLF,Bass Finesse,2.08,ML,Fast,2,12,3,8,139,74,70,59,47,25400,バス/フィネス,FICTIONAL_CONTENT
rod-0584,Evergreen Field,TACTICA,218MLF,Bass Finesse,2.18,ML,Fast,2,12,3,8,142,74,70,59,49,26200,バス/フィネス,FICTIONAL_CONTENT
rod-0585,Evergreen Field,TACTICA,228MLF,Bass Finesse,2.28,ML,Fast,2,12,3,8,145,74,70,59,51,27000,バス/フィネス,FICTIONAL_CONTENT
rod-0586,Evergreen Field,INSPIRE-X,193MHF,Bass Power,1.93,MH,Fast,7,28,6,14,145,74,70,63,43,27900,バス/カバー,FICTIONAL_CONTENT
rod-0587,Evergreen Field,INSPIRE-X,203MHF,Bass Power,2.03,MH,Fast,7,28,6,14,148,74,70,63,46,27100,バス/カバー,FICTIONAL_CONTENT
rod-0588,Evergreen Field,INSPIRE-X,213MHF,Bass Power,2.13,MH,Fast,7,28,6,14,151,74,70,63,48,26300,バス/カバー,FICTIONAL_CONTENT
rod-0589,Evergreen Field,INSPIRE-X,223MHF,Bass Power,2.23,MH,Fast,7,28,6,14,154,74,70,63,50,27100,バス/カバー,FICTIONAL_CONTENT
rod-0590,Evergreen Field,INSPIRE-X,233MHF,Bass Power,2.33,MH,Fast,7,28,6,14,156,74,70,63,52,27900,バス/カバー,FICTIONAL_CONTENT
rod-0591,Evergreen Field,TACTICA,214MLF,Chinning,2.14,ML,Fast,3,18,4,10,141,74,70,59,48,28700,チニング,FICTIONAL_CONTENT
rod-0592,Evergreen Field,TACTICA,224MLF,Chinning,2.24,ML,Fast,3,18,4,10,144,74,70,59,50,27900,チニング,FICTIONAL_CONTENT
rod-0593,Evergreen Field,TACTICA,234MLF,Chinning,2.34,ML,Fast,3,18,4,10,147,74,70,59,53,27100,チニング,FICTIONAL_CONTENT
rod-0594,Evergreen Field,TACTICA,244MLF,Chinning,2.44,ML,Fast,3,18,4,10,150,74,70,59,55,27900,チニング,FICTIONAL_CONTENT
rod-0595,Evergreen Field,TACTICA,254MLF,Chinning,2.54,ML,Fast,3,18,4,10,153,74,70,59,57,28700,チニング,FICTIONAL_CONTENT
rod-0596,Evergreen Field,INSPIRE-X,239MLF,Seabass Short,2.39,ML,Fast,5,28,5,12,148,74,70,59,54,29600,港湾シーバス,FICTIONAL_CONTENT
rod-0597,Evergreen Field,INSPIRE-X,249MLF,Seabass Short,2.49,ML,Fast,5,28,5,12,151,74,70,59,56,28800,港湾シーバス,FICTIONAL_CONTENT
rod-0598,Evergreen Field,INSPIRE-X,259MLF,Seabass Short,2.59,ML,Fast,5,28,5,12,154,74,70,59,58,28000,港湾シーバス,FICTIONAL_CONTENT
rod-0599,Evergreen Field,INSPIRE-X,269MLF,Seabass Short,2.69,ML,Fast,5,28,5,12,157,74,66,59,61,28800,港湾シーバス,FICTIONAL_CONTENT
rod-0600,Evergreen Field,INSPIRE-X,279MLF,Seabass Short,2.79,ML,Fast,5,28,5,12,160,74,66,59,63,29600,港湾シーバス,FICTIONAL_CONTENT
rod-0601,Evergreen Field,TACTICA,198MF,Rockfish Light,1.98,M,Fast,3,20,5,12,137,74,70,59,45,33800,ライトロック,FICTIONAL_CONTENT
rod-0602,Evergreen Field,TACTICA,208MF,Rockfish Light,2.08,M,Fast,3,20,5,12,139,74,70,59,47,33000,ライトロック,FICTIONAL_CONTENT
rod-0603,Evergreen Field,TACTICA,218MF,Rockfish Light,2.18,M,Fast,3,20,5,12,142,74,70,59,49,32200,ライトロック,FICTIONAL_CONTENT
rod-0604,Evergreen Field,TACTICA,228MF,Rockfish Light,2.28,M,Fast,3,20,5,12,145,74,70,59,51,33000,ライトロック,FICTIONAL_CONTENT
rod-0605,Evergreen Field,TACTICA,238MF,Rockfish Light,2.38,M,Fast,3,20,5,12,148,74,70,59,54,33800,ライトロック,FICTIONAL_CONTENT
rod-0606,Evergreen Field,INSPIRE-X,163ULS,Area Trout,1.63,UL,Slow,0.5,5,1,4,127,65,70,59,37,46600,管理釣り場,FICTIONAL_CONTENT
rod-0607,Evergreen Field,INSPIRE-X,173ULS,Area Trout,1.73,UL,Slow,0.5,5,1,4,130,65,70,59,39,45800,管理釣り場,FICTIONAL_CONTENT
rod-0608,Evergreen Field,INSPIRE-X,183ULS,Area Trout,1.83,UL,Slow,0.5,5,1,4,132,65,70,59,41,45000,管理釣り場,FICTIONAL_CONTENT
rod-0609,Evergreen Field,INSPIRE-X,193ULS,Area Trout,1.93,UL,Slow,0.5,5,1,4,135,65,70,59,43,45800,管理釣り場,FICTIONAL_CONTENT
rod-0610,Evergreen Field,INSPIRE-X,203ULS,Area Trout,2.03,UL,Slow,0.5,5,1,4,138,65,70,59,46,46600,管理釣り場,FICTIONAL_CONTENT
rod-0611,Megaburst,DESTROY-X,188MLF,Bass Finesse,1.88,ML,Fast,2,12,3,8,135,71,71,58,42,26000,バス/フィネス,FICTIONAL_CONTENT
rod-0612,Megaburst,DESTROY-X,198MLF,Bass Finesse,1.98,ML,Fast,2,12,3,8,138,71,71,58,45,25200,バス/フィネス,FICTIONAL_CONTENT
rod-0613,Megaburst,DESTROY-X,208MLF,Bass Finesse,2.08,ML,Fast,2,12,3,8,141,71,71,58,47,24400,バス/フィネス,FICTIONAL_CONTENT
rod-0614,Megaburst,DESTROY-X,218MLF,Bass Finesse,2.18,ML,Fast,2,12,3,8,144,71,71,58,49,25200,バス/フィネス,FICTIONAL_CONTENT
rod-0615,Megaburst,DESTROY-X,228MLF,Bass Finesse,2.28,ML,Fast,2,12,3,8,147,71,71,58,51,26000,バス/フィネス,FICTIONAL_CONTENT
rod-0616,Megaburst,LEVANTIS,193MHF,Bass Power,1.93,MH,Fast,7,28,6,14,146,71,71,62,43,26900,バス/カバー,FICTIONAL_CONTENT
rod-0617,Megaburst,LEVANTIS,203MHF,Bass Power,2.03,MH,Fast,7,28,6,14,149,71,71,62,46,26100,バス/カバー,FICTIONAL_CONTENT
rod-0618,Megaburst,LEVANTIS,213MHF,Bass Power,2.13,MH,Fast,7,28,6,14,152,71,71,62,48,25300,バス/カバー,FICTIONAL_CONTENT
rod-0619,Megaburst,LEVANTIS,223MHF,Bass Power,2.23,MH,Fast,7,28,6,14,155,71,71,62,50,26100,バス/カバー,FICTIONAL_CONTENT
rod-0620,Megaburst,LEVANTIS,233MHF,Bass Power,2.33,MH,Fast,7,28,6,14,158,71,71,62,52,26900,バス/カバー,FICTIONAL_CONTENT
rod-0621,Megaburst,DESTROY-X,214MLF,Chinning,2.14,ML,Fast,3,18,4,10,143,71,71,58,48,27700,チニング,FICTIONAL_CONTENT
rod-0622,Megaburst,DESTROY-X,224MLF,Chinning,2.24,ML,Fast,3,18,4,10,145,71,71,58,50,26900,チニング,FICTIONAL_CONTENT
rod-0623,Megaburst,DESTROY-X,234MLF,Chinning,2.34,ML,Fast,3,18,4,10,148,71,71,58,53,26100,チニング,FICTIONAL_CONTENT
rod-0624,Megaburst,DESTROY-X,244MLF,Chinning,2.44,ML,Fast,3,18,4,10,151,71,71,58,55,26900,チニング,FICTIONAL_CONTENT
rod-0625,Megaburst,DESTROY-X,254MLF,Chinning,2.54,ML,Fast,3,18,4,10,154,71,71,58,57,27700,チニング,FICTIONAL_CONTENT
rod-0626,Megaburst,LEVANTIS,239MLF,Seabass Short,2.39,ML,Fast,5,28,5,12,150,71,71,58,54,28600,港湾シーバス,FICTIONAL_CONTENT
rod-0627,Megaburst,LEVANTIS,249MLF,Seabass Short,2.49,ML,Fast,5,28,5,12,153,71,71,58,56,27800,港湾シーバス,FICTIONAL_CONTENT
rod-0628,Megaburst,LEVANTIS,259MLF,Seabass Short,2.59,ML,Fast,5,28,5,12,156,71,71,58,58,27000,港湾シーバス,FICTIONAL_CONTENT
rod-0629,Megaburst,LEVANTIS,269MLF,Seabass Short,2.69,ML,Fast,5,28,5,12,158,71,67,58,61,27800,港湾シーバス,FICTIONAL_CONTENT
rod-0630,Megaburst,LEVANTIS,279MLF,Seabass Short,2.79,ML,Fast,5,28,5,12,161,71,67,58,63,28600,港湾シーバス,FICTIONAL_CONTENT
rod-0631,Megaburst,DESTROY-X,254MF,Seabass Standard,2.54,M,Fast,7,35,6,14,154,71,71,58,57,29400,河川/湾岸シーバス,FICTIONAL_CONTENT
rod-0632,Megaburst,DESTROY-X,264MF,Seabass Standard,2.64,M,Fast,7,35,6,14,157,71,67,58,59,28600,河川/湾岸シーバス,FICTIONAL_CONTENT
rod-0633,Megaburst,DESTROY-X,274MF,Seabass Standard,2.74,M,Fast,7,35,6,14,160,71,67,58,62,27800,河川/湾岸シーバス,FICTIONAL_CONTENT
rod-0634,Megaburst,DESTROY-X,284MF,Seabass Standard,2.84,M,Fast,7,35,6,14,163,71,67,58,64,28600,河川/湾岸シーバス,FICTIONAL_CONTENT
rod-0635,Megaburst,DESTROY-X,294MF,Seabass Standard,2.94,M,Fast,7,35,6,14,166,71,67,58,66,29400,河川/湾岸シーバス,FICTIONAL_CONTENT
rod-0636,Megaburst,DESTROY-X,224LF,Eging Light,2.24,L,Fast,3,18,3,8,145,71,71,58,50,31100,ライトエギ,FICTIONAL_CONTENT
rod-0637,Megaburst,DESTROY-X,234LF,Eging Light,2.34,L,Fast,3,18,3,8,148,71,71,58,53,30300,ライトエギ,FICTIONAL_CONTENT
rod-0638,Megaburst,DESTROY-X,244LF,Eging Light,2.44,L,Fast,3,18,3,8,151,71,71,58,55,29500,ライトエギ,FICTIONAL_CONTENT
rod-0639,Megaburst,DESTROY-X,254LF,Eging Light,2.54,L,Fast,3,18,3,8,154,71,71,58,57,30300,ライトエギ,FICTIONAL_CONTENT
rod-0640,Megaburst,DESTROY-X,264LF,Eging Light,2.64,L,Fast,3,18,3,8,157,71,67,58,59,31100,ライトエギ,FICTIONAL_CONTENT
rod-0641,Megaburst,LEVANTIS,231MLF,Eging Standard,2.31,ML,Fast,5,25,4,10,148,71,71,58,52,32000,エギング,FICTIONAL_CONTENT
rod-0642,Megaburst,LEVANTIS,241MLF,Eging Standard,2.41,ML,Fast,5,25,4,10,150,71,71,58,54,31200,エギング,FICTIONAL_CONTENT
rod-0643,Megaburst,LEVANTIS,251MLF,Eging Standard,2.51,ML,Fast,5,25,4,10,153,71,71,58,56,30400,エギング,FICTIONAL_CONTENT
rod-0644,Megaburst,LEVANTIS,261MLF,Eging Standard,2.61,ML,Fast,5,25,4,10,156,71,67,58,59,31200,エギング,FICTIONAL_CONTENT
rod-0645,Megaburst,LEVANTIS,271MLF,Eging Standard,2.71,ML,Fast,5,25,4,10,159,71,67,58,61,32000,エギング,FICTIONAL_CONTENT
rod-0646,Megaburst,DESTROY-X,285MF,Surf,2.85,M,Fast,10,45,8,18,163,71,67,58,69,34500,サーフ,FICTIONAL_CONTENT
rod-0647,Megaburst,DESTROY-X,295MF,Surf,2.95,M,Fast,10,45,8,18,166,71,67,58,72,33700,サーフ,FICTIONAL_CONTENT
rod-0648,Megaburst,DESTROY-X,305MF,Surf,3.05,M,Fast,10,45,8,18,169,71,67,58,74,32900,サーフ,FICTIONAL_CONTENT
rod-0649,Megaburst,DESTROY-X,315MF,Surf,3.15,M,Fast,10,45,8,18,172,71,67,58,77,33700,サーフ,FICTIONAL_CONTENT
rod-0650,Megaburst,DESTROY-X,325MF,Surf,3.25,M,Fast,10,45,8,18,174,71,67,58,79,34500,サーフ,FICTIONAL_CONTENT
rod-0651,River Craft,STREAMLINE,183ULF,Ajing,1.83,UL,Fast,0.5,5,1.5,4,130,72,70,56,41,19600,軽量ジグ/アジ,FICTIONAL_CONTENT
rod-0652,River Craft,STREAMLINE,193ULF,Ajing,1.93,UL,Fast,0.5,5,1.5,4,132,72,70,56,43,18800,軽量ジグ/アジ,FICTIONAL_CONTENT
rod-0653,River Craft,STREAMLINE,203ULF,Ajing,2.03,UL,Fast,0.5,5,1.5,4,135,72,70,56,46,18000,軽量ジグ/アジ,FICTIONAL_CONTENT
rod-0654,River Craft,STREAMLINE,213ULF,Ajing,2.13,UL,Fast,0.5,5,1.5,4,138,72,70,56,48,18800,軽量ジグ/アジ,FICTIONAL_CONTENT
rod-0655,River Craft,STREAMLINE,223ULF,Ajing,2.23,UL,Fast,0.5,5,1.5,4,141,72,70,56,50,19600,軽量ジグ/アジ,FICTIONAL_CONTENT
rod-0656,River Craft,MOUNTAINEDGE,209LF,Mebaring,2.09,L,Fast,1,8,2,5,137,72,70,56,47,20500,メバル/ライト,FICTIONAL_CONTENT
rod-0657,River Craft,MOUNTAINEDGE,219LF,Mebaring,2.19,L,Fast,1,8,2,5,140,72,70,56,49,19700,メバル/ライト,FICTIONAL_CONTENT
rod-0658,River Craft,MOUNTAINEDGE,229LF,Mebaring,2.29,L,Fast,1,8,2,5,142,72,70,56,52,18900,メバル/ライト,FICTIONAL_CONTENT
rod-0659,River Craft,MOUNTAINEDGE,239LF,Mebaring,2.39,L,Fast,1,8,2,5,145,72,70,56,54,19700,メバル/ライト,FICTIONAL_CONTENT
rod-0660,River Craft,MOUNTAINEDGE,249LF,Mebaring,2.49,L,Fast,1,8,2,5,148,72,70,56,56,20500,メバル/ライト,FICTIONAL_CONTENT
rod-0661,River Craft,STREAMLINE,155ULM,Trout Stream,1.55,UL,Moderate,1,7,1.5,4,122,68,70,56,35,21300,渓流,FICTIONAL_CONTENT
rod-0662,River Craft,STREAMLINE,165ULM,Trout Stream,1.65,UL,Moderate,1,7,1.5,4,125,68,70,56,37,20500,渓流,FICTIONAL_CONTENT
rod-0663,River Craft,STREAMLINE,175ULM,Trout Stream,1.75,UL,Moderate,1,7,1.5,4,127,68,70,56,39,19700,渓流,FICTIONAL_CONTENT
rod-0664,River Craft,STREAMLINE,185ULM,Trout Stream,1.85,UL,Moderate,1,7,1.5,4,130,68,70,56,42,20500,渓流,FICTIONAL_CONTENT
rod-0665,River Craft,STREAMLINE,195ULM,Trout Stream,1.95,UL,Moderate,1,7,1.5,4,133,68,70,56,44,21300,渓流,FICTIONAL_CONTENT
rod-0666,River Craft,MOUNTAINEDGE,193LM,Trout Lake,1.93,L,Moderate,2,12,2,6,132,68,70,56,43,22200,湖トラウト,FICTIONAL_CONTENT
rod-0667,River Craft,MOUNTAINEDGE,203LM,Trout Lake,2.03,L,Moderate,2,12,2,6,135,68,70,56,46,21400,湖トラウト,FICTIONAL_CONTENT
rod-0668,River Craft,MOUNTAINEDGE,213LM,Trout Lake,2.13,L,Moderate,2,12,2,6,138,68,70,56,48,20600,湖トラウト,FICTIONAL_CONTENT
rod-0669,River Craft,MOUNTAINEDGE,223LM,Trout Lake,2.23,L,Moderate,2,12,2,6,141,68,70,56,50,21400,湖トラウト,FICTIONAL_CONTENT
rod-0670,River Craft,MOUNTAINEDGE,233LM,Trout Lake,2.33,L,Moderate,2,12,2,6,144,68,70,56,52,22200,湖トラウト,FICTIONAL_CONTENT
rod-0671,River Craft,MOUNTAINEDGE,163ULS,Area Trout,1.63,UL,Slow,0.5,5,1,4,124,64,70,56,37,42600,管理釣り場,FICTIONAL_CONTENT
rod-0672,River Craft,MOUNTAINEDGE,173ULS,Area Trout,1.73,UL,Slow,0.5,5,1,4,127,64,70,56,39,41800,管理釣り場,FICTIONAL_CONTENT
rod-0673,River Craft,MOUNTAINEDGE,183ULS,Area Trout,1.83,UL,Slow,0.5,5,1,4,130,64,70,56,41,41000,管理釣り場,FICTIONAL_CONTENT
rod-0674,River Craft,MOUNTAINEDGE,193ULS,Area Trout,1.93,UL,Slow,0.5,5,1,4,132,64,70,56,43,41800,管理釣り場,FICTIONAL_CONTENT
rod-0675,River Craft,MOUNTAINEDGE,203ULS,Area Trout,2.03,UL,Slow,0.5,5,1,4,135,64,70,56,46,42600,管理釣り場,FICTIONAL_CONTENT
rod-0676,Blue Horizon,TUNAARC,300XHM,Heavy Shore Jigging,3,XH,Moderate,50,150,20,45,206,60,58,78,73,41900,大型青物,FICTIONAL_CONTENT
rod-0677,Blue Horizon,TUNAARC,310XHM,Heavy Shore Jigging,3.1,XH,Moderate,50,150,20,45,209,60,58,78,75,41100,大型青物,FICTIONAL_CONTENT
rod-0678,Blue Horizon,TUNAARC,320XHM,Heavy Shore Jigging,3.2,XH,Moderate,50,150,20,45,213,60,58,78,78,40300,大型青物,FICTIONAL_CONTENT
rod-0679,Blue Horizon,TUNAARC,330XHM,Heavy Shore Jigging,3.3,XH,Moderate,50,150,20,45,216,60,58,78,80,41100,大型青物,FICTIONAL_CONTENT
rod-0680,Blue Horizon,TUNAARC,340XHM,Heavy Shore Jigging,3.4,XH,Moderate,50,150,20,45,219,60,58,78,83,41900,大型青物,FICTIONAL_CONTENT
rod-0681,Blue Horizon,OFFSHORE-X,171MHM,Offshore Light Jig,1.71,MH,Moderate,40,120,12,30,153,60,62,72,38,42800,ライトジギ,FICTIONAL_CONTENT
rod-0682,Blue Horizon,OFFSHORE-X,181MHM,Offshore Light Jig,1.81,MH,Moderate,40,120,12,30,156,60,62,72,41,42000,ライトジギ,FICTIONAL_CONTENT
rod-0683,Blue Horizon,OFFSHORE-X,191MHM,Offshore Light Jig,1.91,MH,Moderate,40,120,12,30,159,60,62,72,43,41200,ライトジギ,FICTIONAL_CONTENT
rod-0684,Blue Horizon,OFFSHORE-X,201MHM,Offshore Light Jig,2.01,MH,Moderate,40,120,12,30,162,60,62,72,45,42000,ライトジギ,FICTIONAL_CONTENT
rod-0685,Blue Horizon,OFFSHORE-X,211MHM,Offshore Light Jig,2.11,MH,Moderate,40,120,12,30,165,60,62,72,47,42800,ライトジギ,FICTIONAL_CONTENT
rod-0686,Blue Horizon,TUNAARC,163HM,Offshore Jigging,1.63,H,Moderate,80,220,20,50,163,60,62,78,37,43600,オフショアジギ,FICTIONAL_CONTENT
rod-0687,Blue Horizon,TUNAARC,173HM,Offshore Jigging,1.73,H,Moderate,80,220,20,50,167,60,62,78,39,42800,オフショアジギ,FICTIONAL_CONTENT
rod-0688,Blue Horizon,TUNAARC,183HM,Offshore Jigging,1.83,H,Moderate,80,220,20,50,170,60,62,78,41,42000,オフショアジギ,FICTIONAL_CONTENT
rod-0689,Blue Horizon,TUNAARC,193HM,Offshore Jigging,1.93,H,Moderate,80,220,20,50,173,60,62,78,43,42800,オフショアジギ,FICTIONAL_CONTENT
rod-0690,Blue Horizon,TUNAARC,203HM,Offshore Jigging,2.03,H,Moderate,80,220,20,50,176,60,62,78,46,43600,オフショアジギ,FICTIONAL_CONTENT
rod-0691,Blue Horizon,OFFSHORE-X,219HF,Casting,2.19,H,Fast,30,120,15,40,181,64,62,78,49,44500,オフショアキャスト,FICTIONAL_CONTENT
rod-0692,Blue Horizon,OFFSHORE-X,229HF,Casting,2.29,H,Fast,30,120,15,40,184,64,62,78,52,43700,オフショアキャスト,FICTIONAL_CONTENT
rod-0693,Blue Horizon,OFFSHORE-X,239HF,Casting,2.39,H,Fast,30,120,15,40,187,64,62,78,54,42900,オフショアキャスト,FICTIONAL_CONTENT
rod-0694,Blue Horizon,OFFSHORE-X,249HF,Casting,2.49,H,Fast,30,120,15,40,190,64,62,78,56,43700,オフショアキャスト,FICTIONAL_CONTENT
rod-0695,Blue Horizon,OFFSHORE-X,259HF,Casting,2.59,H,Fast,30,120,15,40,193,64,62,78,58,44500,オフショアキャスト,FICTIONAL_CONTENT
rod-0696,Blue Horizon,TUNAARC,224XHM,Big Game,2.24,XH,Moderate,60,200,25,60,182,60,62,78,50,45300,大型回遊魚,FICTIONAL_CONTENT
rod-0697,Blue Horizon,TUNAARC,234XHM,Big Game,2.34,XH,Moderate,60,200,25,60,186,60,62,78,53,44500,大型回遊魚,FICTIONAL_CONTENT
rod-0698,Blue Horizon,TUNAARC,244XHM,Big Game,2.44,XH,Moderate,60,200,25,60,189,60,62,78,55,43700,大型回遊魚,FICTIONAL_CONTENT
rod-0699,Blue Horizon,TUNAARC,254XHM,Big Game,2.54,XH,Moderate,60,200,25,60,192,60,62,78,57,44500,大型回遊魚,FICTIONAL_CONTENT
rod-0700,Blue Horizon,TUNAARC,264XHM,Big Game,2.64,XH,Moderate,60,200,25,60,195,60,58,78,59,45300,大型回遊魚,FICTIONAL_CONTENT
rod-0701,Blue Horizon,TUNAARC,190MHM,Boat Bait,1.9,MH,Moderate,20,80,10,30,159,60,62,72,43,48700,船餌,FICTIONAL_CONTENT
rod-0702,Blue Horizon,TUNAARC,200MHM,Boat Bait,2,MH,Moderate,20,80,10,30,162,60,62,72,45,47900,船餌,FICTIONAL_CONTENT
rod-0703,Blue Horizon,TUNAARC,210MHM,Boat Bait,2.1,MH,Moderate,20,80,10,30,165,60,62,72,47,47100,船餌,FICTIONAL_CONTENT
rod-0704,Blue Horizon,TUNAARC,220MHM,Boat Bait,2.2,MH,Moderate,20,80,10,30,168,60,62,72,50,47900,船餌,FICTIONAL_CONTENT
rod-0705,Blue Horizon,TUNAARC,230MHM,Boat Bait,2.3,MH,Moderate,20,80,10,30,171,60,62,72,52,48700,船餌,FICTIONAL_CONTENT
